<?xml version="1.0" encoding="UTF-8"?><gpx creator="Wikiloc - http://www.wikiloc.com" version="1.1" xmlns="http://www.topografix.com/GPX/1/1" xmlns:xsi="http://www.w3.org/2001/XMLSchema-instance" xsi:schemaLocation="http://www.topografix.com/GPX/1/1 http://www.topografix.com/GPX/1/1/gpx.xsd"><metadata><name><![CDATA[Castillo de Lanjarón, Iglesia Encarnacion en Fuente Portal de Placetilla vanaf Escolta]]></name><author><name><![CDATA[hugoroaen]]></name><link href="https://www.wikiloc.com/wikiloc/user.do?id=3335751"><text><![CDATA[hugoroaen on Wikiloc]]></text></link></author><link href="https://www.wikiloc.com/wikiloc/view.do?id=288422735"><text><![CDATA[Castillo de Lanjarón, Iglesia Encarnacion en Fuente Portal de Placetilla vanaf Escolta on Wikiloc]]></text></link><time>2026-09-28T08:38:41Z</time></metadata><wpt lat="36.917538" lon="-3.483347"><ele>660.0</ele><name><![CDATA[Foto]]></name><cmt><![CDATA[Foto]]></cmt></wpt><wpt lat="36.918188" lon="-3.48028"><ele>666.0</ele><name><![CDATA[Foto]]></name><cmt><![CDATA[Foto]]></cmt></wpt><wpt lat="36.917747" lon="-3.485555"><ele>656.0</ele><name><![CDATA[Ermita de San Roque]]></name><cmt><![CDATA[Ermita de San Roque]]></cmt></wpt><trk><name><![CDATA[Castillo de Lanjarón, Iglesia Encarnacion en Fuente Portal de Placetilla vanaf Escolta]]></name><cmt><![CDATA[Rondroute vanaf Escolta via:
- Fuente Parque del Salado (0.2 km)
- Castillo de Lanjarón (0.9 km)
- Iglesia Encarnacion (1.8 km)
- Fuente Portal de Placetilla (2.5 km)
- Ermita de San Roque (3.1 km)
- Pilar de las Calenturas (3.3 km)]]></cmt><desc><![CDATA[Rondroute vanaf Escolta via:
- Fuente Parque del Salado (0.2 km)
- Castillo de Lanjarón (0.9 km)
- Iglesia Encarnacion (1.8 km)
- Fuente Portal de Placetilla (2.5 km)
- Ermita de San Roque (3.1 km)
- Pilar de las Calenturas (3.3 km)]]></desc><trkseg><trkpt lat="36.921611" lon="-3.492323"><ele>683.931</ele><time>2026-09-28T08:38:41Z</time></trkpt><trkpt lat="36.921564" lon="-3.492339"><ele>679.661</ele><time>2026-09-28T08:38:50Z</time></trkpt><trkpt lat="36.921518" lon="-3.492352"><ele>675.307</ele><time>2026-09-28T08:38:55Z</time></trkpt><trkpt lat="36.921464" lon="-3.4923599999999997"><ele>675.009</ele><time>2026-09-28T08:39:01Z</time></trkpt><trkpt lat="36.921415" lon="-3.4923819999999997"><ele>674.755</ele><time>2026-09-28T08:39:05Z</time></trkpt><trkpt lat="36.921364000000004" lon="-3.4924039999999996"><ele>674.451</ele><time>2026-09-28T08:39:10Z</time></trkpt><trkpt lat="36.92131500000001" lon="-3.4924329999999997"><ele>673.881</ele><time>2026-09-28T08:39:15Z</time></trkpt><trkpt lat="36.92126700000001" lon="-3.4924589999999998"><ele>673.117</ele><time>2026-09-28T08:39:20Z</time></trkpt><trkpt lat="36.921220000000005" lon="-3.492485"><ele>672.585</ele><time>2026-09-28T08:39:25Z</time></trkpt><trkpt lat="36.921178000000005" lon="-3.4925059999999997"><ele>671.845</ele><time>2026-09-28T08:39:29Z</time></trkpt><trkpt lat="36.921125" lon="-3.49252"><ele>670.930</ele><time>2026-09-28T08:39:35Z</time></trkpt><trkpt lat="36.92108" lon="-3.492545"><ele>670.146</ele><time>2026-09-28T08:39:40Z</time></trkpt><trkpt lat="36.921041" lon="-3.4925759999999997"><ele>669.338</ele><time>2026-09-28T08:39:44Z</time></trkpt><trkpt lat="36.920997" lon="-3.49259"><ele>668.575</ele><time>2026-09-28T08:39:50Z</time></trkpt><trkpt lat="36.920967" lon="-3.492547"><ele>667.828</ele><time>2026-09-28T08:39:55Z</time></trkpt><trkpt lat="36.920942" lon="-3.492498"><ele>667.320</ele><time>2026-09-28T08:40:01Z</time></trkpt><trkpt lat="36.92090099999999" lon="-3.492437"><ele>666.909</ele><time>2026-09-28T08:40:06Z</time></trkpt><trkpt lat="36.920866" lon="-3.4924"><ele>666.659</ele><time>2026-09-28T08:40:10Z</time></trkpt><trkpt lat="36.92082799999999" lon="-3.492362"><ele>666.215</ele><time>2026-09-28T08:40:14Z</time></trkpt><trkpt lat="36.92079999999999" lon="-3.492317"><ele>665.855</ele><time>2026-09-28T08:40:18Z</time></trkpt><trkpt lat="36.92076099999999" lon="-3.492275"><ele>665.491</ele><time>2026-09-28T08:40:22Z</time></trkpt><trkpt lat="36.92071899999999" lon="-3.492232"><ele>664.919</ele><time>2026-09-28T08:40:26Z</time></trkpt><trkpt lat="36.92067399999999" lon="-3.492189"><ele>664.439</ele><time>2026-09-28T08:40:30Z</time></trkpt><trkpt lat="36.920638999999994" lon="-3.492144"><ele>664.084</ele><time>2026-09-28T08:40:35Z</time></trkpt><trkpt lat="36.920604999999995" lon="-3.492106"><ele>663.610</ele><time>2026-09-28T08:40:39Z</time></trkpt><trkpt lat="36.920565999999994" lon="-3.4920660000000003"><ele>663.132</ele><time>2026-09-28T08:40:43Z</time></trkpt><trkpt lat="36.92053599999999" lon="-3.4920090000000004"><ele>662.621</ele><time>2026-09-28T08:40:48Z</time></trkpt><trkpt lat="36.92052999999999" lon="-3.492068"><ele>662.241</ele><time>2026-09-28T08:40:56Z</time></trkpt><trkpt lat="36.92055299999999" lon="-3.492125"><ele>661.805</ele><time>2026-09-28T08:41:01Z</time></trkpt><trkpt lat="36.92055399999999" lon="-3.492184"><ele>661.009</ele><time>2026-09-28T08:41:09Z</time></trkpt><trkpt lat="36.92058699999999" lon="-3.4922239999999998"><ele>660.044</ele><time>2026-09-28T08:41:13Z</time></trkpt><trkpt lat="36.92062299999999" lon="-3.492275"><ele>659.350</ele><time>2026-09-28T08:41:18Z</time></trkpt><trkpt lat="36.92065099999999" lon="-3.4923349999999997"><ele>658.840</ele><time>2026-09-28T08:41:22Z</time></trkpt><trkpt lat="36.920677999999995" lon="-3.4923939999999996"><ele>658.386</ele><time>2026-09-28T08:41:26Z</time></trkpt><trkpt lat="36.920714999999994" lon="-3.4924329999999997"><ele>657.724</ele><time>2026-09-28T08:41:30Z</time></trkpt><trkpt lat="36.920753999999995" lon="-3.4924709999999997"><ele>657.274</ele><time>2026-09-28T08:41:34Z</time></trkpt><trkpt lat="36.920781" lon="-3.4925159999999997"><ele>657.169</ele><time>2026-09-28T08:41:41Z</time></trkpt><trkpt lat="36.920825" lon="-3.4925529999999996"><ele>657.165</ele><time>2026-09-28T08:41:50Z</time></trkpt><trkpt lat="36.920866000000004" lon="-3.4926029999999995"><ele>657.147</ele><time>2026-09-28T08:41:55Z</time></trkpt><trkpt lat="36.920898" lon="-3.4926429999999993"><ele>658.432</ele><time>2026-09-28T08:41:59Z</time></trkpt><trkpt lat="36.920934" lon="-3.4926999999999992"><ele>659.992</ele><time>2026-09-28T08:42:04Z</time></trkpt><trkpt lat="36.920955" lon="-3.4927519999999994"><ele>660.511</ele><time>2026-09-28T08:42:09Z</time></trkpt><trkpt lat="36.920923" lon="-3.4928019999999993"><ele>660.809</ele><time>2026-09-28T08:42:18Z</time></trkpt><trkpt lat="36.9209" lon="-3.492851999999999"><ele>661.035</ele><time>2026-09-28T08:42:26Z</time></trkpt><trkpt lat="36.920847" lon="-3.492864999999999"><ele>661.261</ele><time>2026-09-28T08:42:32Z</time></trkpt><trkpt lat="36.920801000000004" lon="-3.492829999999999"><ele>661.381</ele><time>2026-09-28T08:42:39Z</time></trkpt><trkpt lat="36.920764000000005" lon="-3.492794999999999"><ele>661.617</ele><time>2026-09-28T08:42:45Z</time></trkpt><trkpt lat="36.92072400000001" lon="-3.4928249999999994"><ele>662.385</ele><time>2026-09-28T08:42:52Z</time></trkpt><trkpt lat="36.92067800000001" lon="-3.4928079999999992"><ele>663.415</ele><time>2026-09-28T08:43:19Z</time></trkpt><trkpt lat="36.92063800000001" lon="-3.492780999999999"><ele>663.920</ele><time>2026-09-28T08:43:42Z</time></trkpt><trkpt lat="36.920586000000014" lon="-3.492771999999999"><ele>663.996</ele><time>2026-09-28T08:43:51Z</time></trkpt><trkpt lat="36.92053700000002" lon="-3.492811999999999"><ele>663.998</ele><time>2026-09-28T08:43:58Z</time></trkpt><trkpt lat="36.920493000000015" lon="-3.4928299999999988"><ele>663.625</ele><time>2026-09-28T08:44:05Z</time></trkpt><trkpt lat="36.920448000000015" lon="-3.4928349999999986"><ele>662.926</ele><time>2026-09-28T08:44:20Z</time></trkpt><trkpt lat="36.92039500000001" lon="-3.4928549999999987"><ele>662.108</ele><time>2026-09-28T08:44:29Z</time></trkpt><trkpt lat="36.920439000000016" lon="-3.4928099999999986"><ele>661.409</ele><time>2026-09-28T08:44:42Z</time></trkpt><trkpt lat="36.920422000000016" lon="-3.4927499999999987"><ele>660.744</ele><time>2026-09-28T08:44:52Z</time></trkpt><trkpt lat="36.92045700000001" lon="-3.4927119999999987"><ele>660.410</ele><time>2026-09-28T08:44:57Z</time></trkpt><trkpt lat="36.920493000000015" lon="-3.492677999999999"><ele>659.570</ele><time>2026-09-28T08:45:04Z</time></trkpt><trkpt lat="36.92045700000001" lon="-3.4926389999999987"><ele>658.496</ele><time>2026-09-28T08:45:15Z</time></trkpt><trkpt lat="36.92039900000001" lon="-3.4926379999999986"><ele>657.774</ele><time>2026-09-28T08:45:20Z</time></trkpt><trkpt lat="36.92035100000001" lon="-3.4926239999999984"><ele>656.374</ele><time>2026-09-28T08:45:24Z</time></trkpt><trkpt lat="36.92030300000001" lon="-3.4926009999999983"><ele>655.099</ele><time>2026-09-28T08:45:28Z</time></trkpt><trkpt lat="36.92026200000001" lon="-3.492564999999998"><ele>654.175</ele><time>2026-09-28T08:45:32Z</time></trkpt><trkpt lat="36.92022300000001" lon="-3.492526999999998"><ele>653.247</ele><time>2026-09-28T08:45:36Z</time></trkpt><trkpt lat="36.92018000000001" lon="-3.492500999999998"><ele>652.725</ele><time>2026-09-28T08:45:41Z</time></trkpt><trkpt lat="36.92013300000001" lon="-3.4924959999999983"><ele>652.526</ele><time>2026-09-28T08:45:49Z</time></trkpt><trkpt lat="36.920086000000005" lon="-3.492481999999998"><ele>652.408</ele><time>2026-09-28T08:45:54Z</time></trkpt><trkpt lat="36.92004300000001" lon="-3.492443999999998"><ele>651.909</ele><time>2026-09-28T08:46:00Z</time></trkpt><trkpt lat="36.920001000000006" lon="-3.492391999999998"><ele>651.244</ele><time>2026-09-28T08:46:04Z</time></trkpt><trkpt lat="36.919974" lon="-3.492341999999998"><ele>650.610</ele><time>2026-09-28T08:46:07Z</time></trkpt><trkpt lat="36.919948000000005" lon="-3.492277999999998"><ele>650.040</ele><time>2026-09-28T08:46:11Z</time></trkpt><trkpt lat="36.919917000000005" lon="-3.492232999999998"><ele>649.616</ele><time>2026-09-28T08:46:15Z</time></trkpt><trkpt lat="36.919884" lon="-3.492187999999998"><ele>649.354</ele><time>2026-09-28T08:46:20Z</time></trkpt><trkpt lat="36.919849000000006" lon="-3.4921419999999976"><ele>649.074</ele><time>2026-09-28T08:46:24Z</time></trkpt><trkpt lat="36.91981700000001" lon="-3.4920969999999976"><ele>648.759</ele><time>2026-09-28T08:46:28Z</time></trkpt><trkpt lat="36.91979500000001" lon="-3.4920329999999975"><ele>648.435</ele><time>2026-09-28T08:46:32Z</time></trkpt><trkpt lat="36.91976100000001" lon="-3.4919829999999976"><ele>648.197</ele><time>2026-09-28T08:46:36Z</time></trkpt><trkpt lat="36.91972600000001" lon="-3.491939999999998"><ele>647.895</ele><time>2026-09-28T08:46:40Z</time></trkpt><trkpt lat="36.91970200000001" lon="-3.491877999999998"><ele>647.549</ele><time>2026-09-28T08:46:44Z</time></trkpt><trkpt lat="36.91966300000001" lon="-3.4918189999999982"><ele>646.923</ele><time>2026-09-28T08:46:48Z</time></trkpt><trkpt lat="36.919624000000006" lon="-3.491772999999998"><ele>646.709</ele><time>2026-09-28T08:46:53Z</time></trkpt><trkpt lat="36.91959200000001" lon="-3.491728999999998"><ele>646.521</ele><time>2026-09-28T08:47:01Z</time></trkpt><trkpt lat="36.919551000000006" lon="-3.491694999999998"><ele>646.217</ele><time>2026-09-28T08:47:05Z</time></trkpt><trkpt lat="36.919501000000004" lon="-3.491671999999998"><ele>645.847</ele><time>2026-09-28T08:47:09Z</time></trkpt><trkpt lat="36.919454" lon="-3.491652999999998"><ele>645.443</ele><time>2026-09-28T08:47:13Z</time></trkpt><trkpt lat="36.919405000000005" lon="-3.491659999999998"><ele>645.191</ele><time>2026-09-28T08:47:18Z</time></trkpt><trkpt lat="36.919365000000006" lon="-3.491630999999998"><ele>645.081</ele><time>2026-09-28T08:47:29Z</time></trkpt><trkpt lat="36.91931600000001" lon="-3.491643999999998"><ele>644.956</ele><time>2026-09-28T08:47:56Z</time></trkpt><trkpt lat="36.91926700000001" lon="-3.4916159999999983"><ele>644.882</ele><time>2026-09-28T08:48:02Z</time></trkpt><trkpt lat="36.91921100000001" lon="-3.4916289999999983"><ele>644.624</ele><time>2026-09-28T08:48:08Z</time></trkpt><trkpt lat="36.91916600000001" lon="-3.491633999999998"><ele>643.884</ele><time>2026-09-28T08:48:19Z</time></trkpt><trkpt lat="36.919117000000014" lon="-3.491640999999998"><ele>642.407</ele><time>2026-09-28T08:48:27Z</time></trkpt><trkpt lat="36.91906400000001" lon="-3.491646999999998"><ele>641.117</ele><time>2026-09-28T08:48:41Z</time></trkpt><trkpt lat="36.919018000000015" lon="-3.491652999999998"><ele>639.809</ele><time>2026-09-28T08:48:51Z</time></trkpt><trkpt lat="36.91896400000002" lon="-3.491662999999998"><ele>637.980</ele><time>2026-09-28T08:48:59Z</time></trkpt><trkpt lat="36.91893200000002" lon="-3.491616999999998"><ele>635.816</ele><time>2026-09-28T08:49:07Z</time></trkpt><trkpt lat="36.91888900000002" lon="-3.491581999999998"><ele>634.226</ele><time>2026-09-28T08:49:14Z</time></trkpt><trkpt lat="36.91885100000002" lon="-3.491549999999998"><ele>632.742</ele><time>2026-09-28T08:49:24Z</time></trkpt><trkpt lat="36.91882000000002" lon="-3.491504999999998"><ele>631.340</ele><time>2026-09-28T08:49:30Z</time></trkpt><trkpt lat="36.91877500000002" lon="-3.4914559999999977"><ele>630.070</ele><time>2026-09-28T08:49:35Z</time></trkpt><trkpt lat="36.91873300000002" lon="-3.4914139999999976"><ele>628.655</ele><time>2026-09-28T08:49:38Z</time></trkpt><trkpt lat="36.91869600000002" lon="-3.4913809999999974"><ele>627.671</ele><time>2026-09-28T08:49:43Z</time></trkpt><trkpt lat="36.91864600000002" lon="-3.4913389999999973"><ele>627.333</ele><time>2026-09-28T08:49:49Z</time></trkpt><trkpt lat="36.91862300000002" lon="-3.4912889999999974"><ele>627.249</ele><time>2026-09-28T08:49:53Z</time></trkpt><trkpt lat="36.91863200000002" lon="-3.4912249999999974"><ele>626.802</ele><time>2026-09-28T08:49:58Z</time></trkpt><trkpt lat="36.91864500000002" lon="-3.4911689999999975"><ele>626.122</ele><time>2026-09-28T08:50:02Z</time></trkpt><trkpt lat="36.91866500000002" lon="-3.4911159999999977"><ele>625.609</ele><time>2026-09-28T08:50:06Z</time></trkpt><trkpt lat="36.91868700000002" lon="-3.4910529999999977"><ele>625.456</ele><time>2026-09-28T08:50:11Z</time></trkpt><trkpt lat="36.91870500000002" lon="-3.4909949999999976"><ele>625.242</ele><time>2026-09-28T08:50:16Z</time></trkpt><trkpt lat="36.918714000000016" lon="-3.4909309999999976"><ele>625.092</ele><time>2026-09-28T08:50:20Z</time></trkpt><trkpt lat="36.918706000000014" lon="-3.4908629999999974"><ele>624.718</ele><time>2026-09-28T08:50:24Z</time></trkpt><trkpt lat="36.91872200000002" lon="-3.4908049999999973"><ele>624.526</ele><time>2026-09-28T08:50:28Z</time></trkpt><trkpt lat="36.918748000000015" lon="-3.490743999999997"><ele>624.596</ele><time>2026-09-28T08:50:31Z</time></trkpt><trkpt lat="36.91876000000001" lon="-3.4906849999999974"><ele>624.581</ele><time>2026-09-28T08:50:34Z</time></trkpt><trkpt lat="36.91871600000001" lon="-3.4906589999999973"><ele>624.567</ele><time>2026-09-28T08:50:35Z</time></trkpt><trkpt lat="36.91868900000001" lon="-3.490606999999997"><ele>624.569</ele><time>2026-09-28T08:50:42Z</time></trkpt><trkpt lat="36.91865700000001" lon="-3.490529999999997"><ele>624.525</ele><time>2026-09-28T08:50:47Z</time></trkpt><trkpt lat="36.91863000000001" lon="-3.490475999999997"><ele>624.626</ele><time>2026-09-28T08:50:51Z</time></trkpt><trkpt lat="36.91858500000001" lon="-3.490446999999997"><ele>624.708</ele><time>2026-09-28T08:50:58Z</time></trkpt><trkpt lat="36.91854200000001" lon="-3.490412999999997"><ele>624.709</ele><time>2026-09-28T08:51:01Z</time></trkpt><trkpt lat="36.91851100000001" lon="-3.490371999999997"><ele>624.684</ele><time>2026-09-28T08:51:04Z</time></trkpt><trkpt lat="36.91848900000001" lon="-3.490317999999997"><ele>624.350</ele><time>2026-09-28T08:51:10Z</time></trkpt><trkpt lat="36.918439000000006" lon="-3.4902999999999973"><ele>623.940</ele><time>2026-09-28T08:51:15Z</time></trkpt><trkpt lat="36.91839300000001" lon="-3.4902869999999973"><ele>623.226</ele><time>2026-09-28T08:51:18Z</time></trkpt><trkpt lat="36.918352000000006" lon="-3.490256999999997"><ele>622.274</ele><time>2026-09-28T08:51:22Z</time></trkpt><trkpt lat="36.91830600000001" lon="-3.490231999999997"><ele>621.454</ele><time>2026-09-28T08:51:27Z</time></trkpt><trkpt lat="36.918251000000005" lon="-3.490225999999997"><ele>620.739</ele><time>2026-09-28T08:51:30Z</time></trkpt><trkpt lat="36.918203000000005" lon="-3.4902369999999974"><ele>620.035</ele><time>2026-09-28T08:51:35Z</time></trkpt><trkpt lat="36.918144000000005" lon="-3.4902589999999973"><ele>619.647</ele><time>2026-09-28T08:51:39Z</time></trkpt><trkpt lat="36.9181" lon="-3.4902339999999974"><ele>619.369</ele><time>2026-09-28T08:51:43Z</time></trkpt><trkpt lat="36.918081" lon="-3.4901699999999973"><ele>618.904</ele><time>2026-09-28T08:51:47Z</time></trkpt><trkpt lat="36.918047" lon="-3.4901269999999975"><ele>618.524</ele><time>2026-09-28T08:51:51Z</time></trkpt><trkpt lat="36.918006" lon="-3.4900789999999975"><ele>618.309</ele><time>2026-09-28T08:51:55Z</time></trkpt><trkpt lat="36.917981" lon="-3.4900269999999973"><ele>618.168</ele><time>2026-09-28T08:51:59Z</time></trkpt><trkpt lat="36.917929" lon="-3.4900079999999973"><ele>617.734</ele><time>2026-09-28T08:52:03Z</time></trkpt><trkpt lat="36.917875" lon="-3.489987999999997"><ele>617.034</ele><time>2026-09-28T08:52:08Z</time></trkpt><trkpt lat="36.917843000000005" lon="-3.4899479999999974"><ele>616.510</ele><time>2026-09-28T08:52:11Z</time></trkpt><trkpt lat="36.917807" lon="-3.4899079999999976"><ele>616.298</ele><time>2026-09-28T08:52:15Z</time></trkpt><trkpt lat="36.917771" lon="-3.4898599999999975"><ele>616.058</ele><time>2026-09-28T08:52:19Z</time></trkpt><trkpt lat="36.917747" lon="-3.4898109999999973"><ele>615.713</ele><time>2026-09-28T08:52:22Z</time></trkpt><trkpt lat="36.917722999999995" lon="-3.489761999999997"><ele>615.379</ele><time>2026-09-28T08:52:26Z</time></trkpt><trkpt lat="36.917697" lon="-3.489709999999997"><ele>615.011</ele><time>2026-09-28T08:52:30Z</time></trkpt><trkpt lat="36.917668" lon="-3.489665999999997"><ele>614.728</ele><time>2026-09-28T08:52:35Z</time></trkpt><trkpt lat="36.917616" lon="-3.4896419999999972"><ele>614.389</ele><time>2026-09-28T08:52:42Z</time></trkpt><trkpt lat="36.917574" lon="-3.4896769999999973"><ele>613.817</ele><time>2026-09-28T08:52:47Z</time></trkpt><trkpt lat="36.917536" lon="-3.489720999999997"><ele>613.009</ele><time>2026-09-28T08:52:51Z</time></trkpt><trkpt lat="36.917484" lon="-3.4897159999999974"><ele>611.984</ele><time>2026-09-28T08:52:57Z</time></trkpt><trkpt lat="36.917431" lon="-3.4896999999999974"><ele>611.010</ele><time>2026-09-28T08:53:05Z</time></trkpt><trkpt lat="36.917387" lon="-3.4896739999999973"><ele>610.390</ele><time>2026-09-28T08:53:14Z</time></trkpt><trkpt lat="36.917345999999995" lon="-3.489650999999997"><ele>609.156</ele><time>2026-09-28T08:53:20Z</time></trkpt><trkpt lat="36.91730199999999" lon="-3.4896259999999972"><ele>607.534</ele><time>2026-09-28T08:53:27Z</time></trkpt><trkpt lat="36.91725799999999" lon="-3.489592999999997"><ele>606.234</ele><time>2026-09-28T08:53:35Z</time></trkpt><trkpt lat="36.91721199999999" lon="-3.4895689999999973"><ele>605.079</ele><time>2026-09-28T08:53:42Z</time></trkpt><trkpt lat="36.917162999999995" lon="-3.489541999999997"><ele>603.725</ele><time>2026-09-28T08:53:47Z</time></trkpt><trkpt lat="36.917123999999994" lon="-3.489513999999997"><ele>602.267</ele><time>2026-09-28T08:54:04Z</time></trkpt><trkpt lat="36.91708199999999" lon="-3.489480999999997"><ele>600.897</ele><time>2026-09-28T08:54:09Z</time></trkpt><trkpt lat="36.91703499999999" lon="-3.489477999999997"><ele>599.823</ele><time>2026-09-28T08:54:15Z</time></trkpt><trkpt lat="36.91698699999999" lon="-3.489455999999997"><ele>599.025</ele><time>2026-09-28T08:54:19Z</time></trkpt><trkpt lat="36.91694699999999" lon="-3.489425999999997"><ele>598.509</ele><time>2026-09-28T08:54:23Z</time></trkpt><trkpt lat="36.916906999999995" lon="-3.4893989999999966"><ele>598.251</ele><time>2026-09-28T08:54:28Z</time></trkpt><trkpt lat="36.916864999999994" lon="-3.4893709999999967"><ele>598.057</ele><time>2026-09-28T08:54:34Z</time></trkpt><trkpt lat="36.916816999999995" lon="-3.4893679999999967"><ele>597.787</ele><time>2026-09-28T08:54:42Z</time></trkpt><trkpt lat="36.91677899999999" lon="-3.4893329999999967"><ele>597.073</ele><time>2026-09-28T08:54:51Z</time></trkpt><trkpt lat="36.91673999999999" lon="-3.4892939999999966"><ele>596.081</ele><time>2026-09-28T08:55:00Z</time></trkpt><trkpt lat="36.91669399999999" lon="-3.4892399999999966"><ele>594.631</ele><time>2026-09-28T08:55:05Z</time></trkpt><trkpt lat="36.91665299999999" lon="-3.4891959999999966"><ele>592.996</ele><time>2026-09-28T08:55:10Z</time></trkpt><trkpt lat="36.91661399999999" lon="-3.4891629999999965"><ele>591.632</ele><time>2026-09-28T08:55:15Z</time></trkpt><trkpt lat="36.91657399999999" lon="-3.4891319999999966"><ele>590.784</ele><time>2026-09-28T08:55:21Z</time></trkpt><trkpt lat="36.91652799999999" lon="-3.4891479999999966"><ele>590.168</ele><time>2026-09-28T08:55:28Z</time></trkpt><trkpt lat="36.91647499999999" lon="-3.4891419999999966"><ele>589.542</ele><time>2026-09-28T08:55:35Z</time></trkpt><trkpt lat="36.91642999999999" lon="-3.4891599999999965"><ele>588.526</ele><time>2026-09-28T08:55:42Z</time></trkpt><trkpt lat="36.91637999999999" lon="-3.4891409999999965"><ele>587.209</ele><time>2026-09-28T08:55:46Z</time></trkpt><trkpt lat="36.916355999999986" lon="-3.4890829999999964"><ele>585.988</ele><time>2026-09-28T08:55:50Z</time></trkpt><trkpt lat="36.91633499999999" lon="-3.4890199999999965"><ele>585.114</ele><time>2026-09-28T08:55:55Z</time></trkpt><trkpt lat="36.91630599999999" lon="-3.4889719999999964"><ele>585.174</ele><time>2026-09-28T08:56:00Z</time></trkpt><trkpt lat="36.91626699999999" lon="-3.488922999999996"><ele>585.140</ele><time>2026-09-28T08:56:05Z</time></trkpt><trkpt lat="36.91621199999999" lon="-3.4889169999999963"><ele>585.288</ele><time>2026-09-28T08:56:10Z</time></trkpt><trkpt lat="36.91615299999999" lon="-3.488909999999996"><ele>586.328</ele><time>2026-09-28T08:56:15Z</time></trkpt><trkpt lat="36.91610499999999" lon="-3.4888949999999963"><ele>586.733</ele><time>2026-09-28T08:56:19Z</time></trkpt><trkpt lat="36.91604899999999" lon="-3.4888859999999964"><ele>587.719</ele><time>2026-09-28T08:56:24Z</time></trkpt><trkpt lat="36.915998999999985" lon="-3.4888789999999963"><ele>588.411</ele><time>2026-09-28T08:56:28Z</time></trkpt><trkpt lat="36.915950999999986" lon="-3.488893999999996"><ele>588.774</ele><time>2026-09-28T08:56:33Z</time></trkpt><trkpt lat="36.91590199999999" lon="-3.488898999999996"><ele>589.256</ele><time>2026-09-28T08:56:37Z</time></trkpt><trkpt lat="36.91585999999999" lon="-3.4889229999999958"><ele>589.721</ele><time>2026-09-28T08:56:41Z</time></trkpt><trkpt lat="36.91580699999999" lon="-3.4889319999999957"><ele>590.209</ele><time>2026-09-28T08:56:46Z</time></trkpt><trkpt lat="36.91575599999999" lon="-3.488961999999996"><ele>590.839</ele><time>2026-09-28T08:56:52Z</time></trkpt><trkpt lat="36.91569699999999" lon="-3.4889669999999957"><ele>591.535</ele><time>2026-09-28T08:56:56Z</time></trkpt><trkpt lat="36.91565499999999" lon="-3.489005999999996"><ele>592.395</ele><time>2026-09-28T08:57:00Z</time></trkpt><trkpt lat="36.915610999999984" lon="-3.4890309999999958"><ele>592.711</ele><time>2026-09-28T08:57:05Z</time></trkpt><trkpt lat="36.915567999999986" lon="-3.4890749999999957"><ele>592.829</ele><time>2026-09-28T08:57:10Z</time></trkpt><trkpt lat="36.91551899999999" lon="-3.489110999999996"><ele>592.959</ele><time>2026-09-28T08:57:15Z</time></trkpt><trkpt lat="36.91546999999999" lon="-3.489120999999996"><ele>592.954</ele><time>2026-09-28T08:57:19Z</time></trkpt><trkpt lat="36.915426999999994" lon="-3.489143999999996"><ele>593.080</ele><time>2026-09-28T08:57:23Z</time></trkpt><trkpt lat="36.915383999999996" lon="-3.489126999999996"><ele>593.162</ele><time>2026-09-28T08:57:26Z</time></trkpt><trkpt lat="36.91533999999999" lon="-3.4891039999999958"><ele>593.235</ele><time>2026-09-28T08:57:30Z</time></trkpt><trkpt lat="36.91530199999999" lon="-3.4890689999999958"><ele>593.286</ele><time>2026-09-28T08:57:36Z</time></trkpt><trkpt lat="36.91527299999999" lon="-3.489021999999996"><ele>593.214</ele><time>2026-09-28T08:57:44Z</time></trkpt><trkpt lat="36.91523399999999" lon="-3.488993999999996"><ele>593.209</ele><time>2026-09-28T08:58:03Z</time></trkpt><trkpt lat="36.91518599999999" lon="-3.4890019999999957"><ele>592.945</ele><time>2026-09-28T08:58:10Z</time></trkpt><trkpt lat="36.915139999999994" lon="-3.4890039999999956"><ele>593.081</ele><time>2026-09-28T08:58:17Z</time></trkpt><trkpt lat="36.91509599999999" lon="-3.4890349999999954"><ele>593.071</ele><time>2026-09-28T08:58:26Z</time></trkpt><trkpt lat="36.91507299999999" lon="-3.4890959999999955"><ele>593.067</ele><time>2026-09-28T08:58:32Z</time></trkpt><trkpt lat="36.915023999999995" lon="-3.4890809999999957"><ele>594.645</ele><time>2026-09-28T08:58:48Z</time></trkpt><trkpt lat="36.914975999999996" lon="-3.489081999999996"><ele>596.025</ele><time>2026-09-28T08:58:57Z</time></trkpt><trkpt lat="36.914928999999994" lon="-3.489085999999996"><ele>596.390</ele><time>2026-09-28T08:59:06Z</time></trkpt><trkpt lat="36.914880999999994" lon="-3.489057999999996"><ele>596.926</ele><time>2026-09-28T08:59:11Z</time></trkpt><trkpt lat="36.914832" lon="-3.489053999999996"><ele>598.528</ele><time>2026-09-28T08:59:17Z</time></trkpt><trkpt lat="36.914783" lon="-3.4890399999999957"><ele>599.678</ele><time>2026-09-28T08:59:23Z</time></trkpt><trkpt lat="36.914737" lon="-3.489034999999996"><ele>599.633</ele><time>2026-09-28T08:59:27Z</time></trkpt><trkpt lat="36.914688000000005" lon="-3.489057999999996"><ele>599.626</ele><time>2026-09-28T08:59:33Z</time></trkpt><trkpt lat="36.914640000000006" lon="-3.489039999999996"><ele>599.309</ele><time>2026-09-28T08:59:38Z</time></trkpt><trkpt lat="36.914592000000006" lon="-3.489009999999996"><ele>599.099</ele><time>2026-09-28T08:59:43Z</time></trkpt><trkpt lat="36.914562000000004" lon="-3.488965999999996"><ele>598.935</ele><time>2026-09-28T08:59:59Z</time></trkpt><trkpt lat="36.914526" lon="-3.488926999999996"><ele>598.965</ele><time>2026-09-28T09:00:07Z</time></trkpt><trkpt lat="36.914496" lon="-3.4888779999999957"><ele>598.971</ele><time>2026-09-28T09:00:12Z</time></trkpt><trkpt lat="36.914473" lon="-3.4888259999999955"><ele>599.099</ele><time>2026-09-28T09:00:17Z</time></trkpt><trkpt lat="36.914438000000004" lon="-3.4887889999999957"><ele>599.239</ele><time>2026-09-28T09:00:22Z</time></trkpt><trkpt lat="36.914492" lon="-3.488789999999996"><ele>599.744</ele><time>2026-09-28T09:01:01Z</time></trkpt><trkpt lat="36.914545000000004" lon="-3.4887949999999956"><ele>600.320</ele><time>2026-09-28T09:01:09Z</time></trkpt><trkpt lat="36.914587000000004" lon="-3.488814999999996"><ele>600.752</ele><time>2026-09-28T09:01:16Z</time></trkpt><trkpt lat="36.914632000000005" lon="-3.488843999999996"><ele>601.796</ele><time>2026-09-28T09:01:26Z</time></trkpt><trkpt lat="36.914672" lon="-3.4888719999999958"><ele>603.431</ele><time>2026-09-28T09:01:32Z</time></trkpt><trkpt lat="36.914726" lon="-3.488907999999996"><ele>605.424</ele><time>2026-09-28T09:01:39Z</time></trkpt><trkpt lat="36.914706" lon="-3.488831999999996"><ele>607.009</ele><time>2026-09-28T09:01:47Z</time></trkpt><trkpt lat="36.914715" lon="-3.488770999999996"><ele>607.861</ele><time>2026-09-28T09:02:52Z</time></trkpt><trkpt lat="36.914765" lon="-3.488765999999996"><ele>609.087</ele><time>2026-09-28T09:03:17Z</time></trkpt><trkpt lat="36.914815000000004" lon="-3.488777999999996"><ele>612.547</ele><time>2026-09-28T09:03:25Z</time></trkpt><trkpt lat="36.914861" lon="-3.488762999999996"><ele>613.363</ele><time>2026-09-28T09:03:37Z</time></trkpt><trkpt lat="36.91489" lon="-3.4888119999999962"><ele>614.841</ele><time>2026-09-28T09:04:06Z</time></trkpt><trkpt lat="36.914926" lon="-3.4888499999999962"><ele>615.761</ele><time>2026-09-28T09:04:11Z</time></trkpt><trkpt lat="36.914889" lon="-3.4888129999999964"><ele>615.936</ele><time>2026-09-28T09:04:29Z</time></trkpt><trkpt lat="36.914856" lon="-3.4887689999999965"><ele>615.992</ele><time>2026-09-28T09:04:35Z</time></trkpt><trkpt lat="36.914811" lon="-3.4887769999999962"><ele>615.984</ele><time>2026-09-28T09:04:40Z</time></trkpt><trkpt lat="36.914755" lon="-3.4887719999999964"><ele>615.997</ele><time>2026-09-28T09:04:49Z</time></trkpt><trkpt lat="36.914711" lon="-3.4887849999999965"><ele>615.923</ele><time>2026-09-28T09:05:05Z</time></trkpt><trkpt lat="36.914742" lon="-3.4888269999999966"><ele>615.525</ele><time>2026-09-28T09:05:34Z</time></trkpt><trkpt lat="36.914686999999994" lon="-3.4888089999999967"><ele>614.309</ele><time>2026-09-28T09:05:40Z</time></trkpt><trkpt lat="36.914716999999996" lon="-3.4888569999999968"><ele>611.711</ele><time>2026-09-28T09:05:46Z</time></trkpt><trkpt lat="36.914716" lon="-3.488914999999997"><ele>609.377</ele><time>2026-09-28T09:05:53Z</time></trkpt><trkpt lat="36.914693" lon="-3.4888659999999967"><ele>608.457</ele><time>2026-09-28T09:05:57Z</time></trkpt><trkpt lat="36.914647" lon="-3.4888279999999967"><ele>607.863</ele><time>2026-09-28T09:06:01Z</time></trkpt><trkpt lat="36.914604000000004" lon="-3.4888029999999968"><ele>607.571</ele><time>2026-09-28T09:06:07Z</time></trkpt><trkpt lat="36.91455500000001" lon="-3.4888049999999966"><ele>607.381</ele><time>2026-09-28T09:06:16Z</time></trkpt><trkpt lat="36.91451000000001" lon="-3.4887929999999967"><ele>606.766</ele><time>2026-09-28T09:06:29Z</time></trkpt><trkpt lat="36.91449300000001" lon="-3.4888469999999967"><ele>605.372</ele><time>2026-09-28T09:07:27Z</time></trkpt><trkpt lat="36.91451800000001" lon="-3.4888939999999966"><ele>603.494</ele><time>2026-09-28T09:07:32Z</time></trkpt><trkpt lat="36.91455700000001" lon="-3.4889379999999965"><ele>601.449</ele><time>2026-09-28T09:07:37Z</time></trkpt><trkpt lat="36.91460300000001" lon="-3.4889759999999965"><ele>600.002</ele><time>2026-09-28T09:07:42Z</time></trkpt><trkpt lat="36.914640000000006" lon="-3.4890119999999967"><ele>599.322</ele><time>2026-09-28T09:07:47Z</time></trkpt><trkpt lat="36.914683000000004" lon="-3.489028999999997"><ele>598.709</ele><time>2026-09-28T09:07:52Z</time></trkpt><trkpt lat="36.914736000000005" lon="-3.489028999999997"><ele>598.476</ele><time>2026-09-28T09:07:57Z</time></trkpt><trkpt lat="36.914788" lon="-3.4890379999999968"><ele>598.332</ele><time>2026-09-28T09:08:01Z</time></trkpt><trkpt lat="36.914839" lon="-3.4890409999999967"><ele>598.352</ele><time>2026-09-28T09:08:07Z</time></trkpt><trkpt lat="36.914887" lon="-3.4890409999999967"><ele>598.328</ele><time>2026-09-28T09:08:13Z</time></trkpt><trkpt lat="36.914931" lon="-3.489060999999997"><ele>598.416</ele><time>2026-09-28T09:08:18Z</time></trkpt><trkpt lat="36.914974" lon="-3.4890789999999967"><ele>598.346</ele><time>2026-09-28T09:08:35Z</time></trkpt><trkpt lat="36.915014" lon="-3.4890429999999966"><ele>598.351</ele><time>2026-09-28T09:08:45Z</time></trkpt><trkpt lat="36.915064" lon="-3.4890389999999964"><ele>598.327</ele><time>2026-09-28T09:08:53Z</time></trkpt><trkpt lat="36.915105000000004" lon="-3.4889999999999963"><ele>597.369</ele><time>2026-09-28T09:09:01Z</time></trkpt><trkpt lat="36.915152000000006" lon="-3.488979999999996"><ele>595.955</ele><time>2026-09-28T09:09:10Z</time></trkpt><trkpt lat="36.91520200000001" lon="-3.4889909999999964"><ele>595.207</ele><time>2026-09-28T09:09:17Z</time></trkpt><trkpt lat="36.91524900000001" lon="-3.4889909999999964"><ele>594.217</ele><time>2026-09-28T09:09:24Z</time></trkpt><trkpt lat="36.91528800000001" lon="-3.4890219999999963"><ele>592.709</ele><time>2026-09-28T09:09:35Z</time></trkpt><trkpt lat="36.91531800000001" lon="-3.489071999999996"><ele>591.897</ele><time>2026-09-28T09:09:46Z</time></trkpt><trkpt lat="36.91535300000001" lon="-3.4891109999999963"><ele>591.873</ele><time>2026-09-28T09:09:51Z</time></trkpt><trkpt lat="36.91540400000001" lon="-3.4891249999999965"><ele>591.883</ele><time>2026-09-28T09:09:56Z</time></trkpt><trkpt lat="36.91544700000001" lon="-3.4890969999999966"><ele>591.829</ele><time>2026-09-28T09:10:00Z</time></trkpt><trkpt lat="36.91549800000001" lon="-3.4890749999999966"><ele>592.017</ele><time>2026-09-28T09:10:04Z</time></trkpt><trkpt lat="36.91553600000001" lon="-3.4890299999999965"><ele>592.027</ele><time>2026-09-28T09:10:08Z</time></trkpt><trkpt lat="36.91556200000001" lon="-3.4889829999999966"><ele>592.012</ele><time>2026-09-28T09:10:12Z</time></trkpt><trkpt lat="36.915597000000005" lon="-3.4889359999999967"><ele>591.878</ele><time>2026-09-28T09:10:16Z</time></trkpt><trkpt lat="36.915631000000005" lon="-3.488882999999997"><ele>591.720</ele><time>2026-09-28T09:10:21Z</time></trkpt><trkpt lat="36.915666" lon="-3.488838999999997"><ele>591.644</ele><time>2026-09-28T09:10:26Z</time></trkpt><trkpt lat="36.915684" lon="-3.488784999999997"><ele>591.605</ele><time>2026-09-28T09:10:30Z</time></trkpt><trkpt lat="36.915699" lon="-3.488720999999997"><ele>591.615</ele><time>2026-09-28T09:10:34Z</time></trkpt><trkpt lat="36.915710999999995" lon="-3.488661999999997"><ele>591.709</ele><time>2026-09-28T09:10:40Z</time></trkpt><trkpt lat="36.915707999999995" lon="-3.4885999999999973"><ele>591.976</ele><time>2026-09-28T09:10:46Z</time></trkpt><trkpt lat="36.915713999999994" lon="-3.4885409999999974"><ele>592.292</ele><time>2026-09-28T09:10:52Z</time></trkpt><trkpt lat="36.915713999999994" lon="-3.4884709999999974"><ele>592.892</ele><time>2026-09-28T09:10:56Z</time></trkpt><trkpt lat="36.915727999999994" lon="-3.4884109999999975"><ele>593.728</ele><time>2026-09-28T09:11:01Z</time></trkpt><trkpt lat="36.91573199999999" lon="-3.4883519999999977"><ele>594.616</ele><time>2026-09-28T09:11:05Z</time></trkpt><trkpt lat="36.915727999999994" lon="-3.4882879999999976"><ele>595.326</ele><time>2026-09-28T09:11:15Z</time></trkpt><trkpt lat="36.915746999999996" lon="-3.4882349999999978"><ele>595.851</ele><time>2026-09-28T09:11:25Z</time></trkpt><trkpt lat="36.915763" lon="-3.488178999999998"><ele>596.477</ele><time>2026-09-28T09:11:29Z</time></trkpt><trkpt lat="36.915783999999995" lon="-3.488116999999998"><ele>597.069</ele><time>2026-09-28T09:11:34Z</time></trkpt><trkpt lat="36.91580999999999" lon="-3.4880609999999983"><ele>597.241</ele><time>2026-09-28T09:11:38Z</time></trkpt><trkpt lat="36.915822999999996" lon="-3.4880039999999983"><ele>597.581</ele><time>2026-09-28T09:11:42Z</time></trkpt><trkpt lat="36.915842999999995" lon="-3.4879469999999984"><ele>597.809</ele><time>2026-09-28T09:11:46Z</time></trkpt><trkpt lat="36.91586399999999" lon="-3.4878969999999985"><ele>597.909</ele><time>2026-09-28T09:11:49Z</time></trkpt><trkpt lat="36.91589199999999" lon="-3.4878439999999986"><ele>597.916</ele><time>2026-09-28T09:11:53Z</time></trkpt><trkpt lat="36.915927999999994" lon="-3.4877929999999986"><ele>597.962</ele><time>2026-09-28T09:11:58Z</time></trkpt><trkpt lat="36.915955" lon="-3.4877329999999986"><ele>597.922</ele><time>2026-09-28T09:12:03Z</time></trkpt><trkpt lat="36.915991" lon="-3.4876839999999985"><ele>597.818</ele><time>2026-09-28T09:12:08Z</time></trkpt><trkpt lat="36.916011999999995" lon="-3.4876299999999985"><ele>597.776</ele><time>2026-09-28T09:12:12Z</time></trkpt><trkpt lat="36.916025999999995" lon="-3.4875649999999982"><ele>597.696</ele><time>2026-09-28T09:12:16Z</time></trkpt><trkpt lat="36.91602999999999" lon="-3.487506999999998"><ele>597.511</ele><time>2026-09-28T09:12:19Z</time></trkpt><trkpt lat="36.91605099999999" lon="-3.4874479999999983"><ele>597.417</ele><time>2026-09-28T09:12:23Z</time></trkpt><trkpt lat="36.91607299999999" lon="-3.4873849999999984"><ele>597.349</ele><time>2026-09-28T09:12:27Z</time></trkpt><trkpt lat="36.91609799999999" lon="-3.4873309999999984"><ele>597.239</ele><time>2026-09-28T09:12:32Z</time></trkpt><trkpt lat="36.91612599999999" lon="-3.4872789999999982"><ele>597.101</ele><time>2026-09-28T09:12:36Z</time></trkpt><trkpt lat="36.916149999999995" lon="-3.487223999999998"><ele>597.021</ele><time>2026-09-28T09:12:40Z</time></trkpt><trkpt lat="36.916166999999994" lon="-3.487156999999998"><ele>597.009</ele><time>2026-09-28T09:12:44Z</time></trkpt><trkpt lat="36.91618999999999" lon="-3.487103999999998"><ele>597.025</ele><time>2026-09-28T09:12:49Z</time></trkpt><trkpt lat="36.91620999999999" lon="-3.4870449999999984"><ele>597.131</ele><time>2026-09-28T09:12:54Z</time></trkpt><trkpt lat="36.91623599999999" lon="-3.4869979999999985"><ele>597.621</ele><time>2026-09-28T09:12:58Z</time></trkpt><trkpt lat="36.91625299999999" lon="-3.4869359999999987"><ele>598.357</ele><time>2026-09-28T09:13:03Z</time></trkpt><trkpt lat="36.91626799999999" lon="-3.4868789999999987"><ele>599.035</ele><time>2026-09-28T09:13:10Z</time></trkpt><trkpt lat="36.91626199999999" lon="-3.486812999999999"><ele>599.845</ele><time>2026-09-28T09:13:14Z</time></trkpt><trkpt lat="36.91625599999999" lon="-3.4867489999999988"><ele>600.570</ele><time>2026-09-28T09:13:19Z</time></trkpt><trkpt lat="36.91625199999999" lon="-3.486689999999999"><ele>601.246</ele><time>2026-09-28T09:13:24Z</time></trkpt><trkpt lat="36.91629699999999" lon="-3.486693999999999"><ele>602.068</ele><time>2026-09-28T09:13:57Z</time></trkpt><trkpt lat="36.916312999999995" lon="-3.486640999999999"><ele>602.987</ele><time>2026-09-28T09:14:19Z</time></trkpt><trkpt lat="36.916337" lon="-3.4865819999999994"><ele>603.642</ele><time>2026-09-28T09:14:25Z</time></trkpt><trkpt lat="36.916340999999996" lon="-3.4865149999999994"><ele>604.226</ele><time>2026-09-28T09:14:31Z</time></trkpt><trkpt lat="36.916329" lon="-3.4864529999999996"><ele>605.009</ele><time>2026-09-28T09:14:35Z</time></trkpt><trkpt lat="36.916328" lon="-3.4863939999999998"><ele>606.380</ele><time>2026-09-28T09:14:40Z</time></trkpt><trkpt lat="36.916332" lon="-3.486331"><ele>607.566</ele><time>2026-09-28T09:14:45Z</time></trkpt><trkpt lat="36.916337" lon="-3.486275"><ele>608.486</ele><time>2026-09-28T09:14:49Z</time></trkpt><trkpt lat="36.916340999999996" lon="-3.486211"><ele>609.592</ele><time>2026-09-28T09:14:54Z</time></trkpt><trkpt lat="36.916366" lon="-3.486154"><ele>610.520</ele><time>2026-09-28T09:15:00Z</time></trkpt><trkpt lat="36.916411999999994" lon="-3.486118"><ele>611.490</ele><time>2026-09-28T09:15:06Z</time></trkpt><trkpt lat="36.916456999999994" lon="-3.486074"><ele>612.345</ele><time>2026-09-28T09:15:10Z</time></trkpt><trkpt lat="36.916478999999995" lon="-3.486012"><ele>613.431</ele><time>2026-09-28T09:15:14Z</time></trkpt><trkpt lat="36.916484999999994" lon="-3.485944"><ele>614.693</ele><time>2026-09-28T09:16:07Z</time></trkpt><trkpt lat="36.91647" lon="-3.485887"><ele>614.768</ele><time>2026-09-28T09:16:12Z</time></trkpt><trkpt lat="36.916464" lon="-3.485818"><ele>615.342</ele><time>2026-09-28T09:16:16Z</time></trkpt><trkpt lat="36.916469" lon="-3.4857560000000003"><ele>615.426</ele><time>2026-09-28T09:16:20Z</time></trkpt><trkpt lat="36.916462" lon="-3.4856970000000005"><ele>615.709</ele><time>2026-09-28T09:16:24Z</time></trkpt><trkpt lat="36.916461000000005" lon="-3.4856310000000006"><ele>616.058</ele><time>2026-09-28T09:16:29Z</time></trkpt><trkpt lat="36.91644000000001" lon="-3.4855660000000004"><ele>616.374</ele><time>2026-09-28T09:16:35Z</time></trkpt><trkpt lat="36.91644500000001" lon="-3.485498"><ele>616.624</ele><time>2026-09-28T09:16:39Z</time></trkpt><trkpt lat="36.91644200000001" lon="-3.485437"><ele>617.090</ele><time>2026-09-28T09:16:43Z</time></trkpt><trkpt lat="36.91643100000001" lon="-3.485374"><ele>617.448</ele><time>2026-09-28T09:16:48Z</time></trkpt><trkpt lat="36.91644400000001" lon="-3.485317"><ele>617.778</ele><time>2026-09-28T09:16:52Z</time></trkpt><trkpt lat="36.91644800000001" lon="-3.4852550000000004"><ele>618.013</ele><time>2026-09-28T09:16:55Z</time></trkpt><trkpt lat="36.91645900000001" lon="-3.4851950000000005"><ele>618.439</ele><time>2026-09-28T09:16:59Z</time></trkpt><trkpt lat="36.91645900000001" lon="-3.4851370000000004"><ele>618.711</ele><time>2026-09-28T09:17:05Z</time></trkpt><trkpt lat="36.91646400000001" lon="-3.485069"><ele>619.064</ele><time>2026-09-28T09:17:10Z</time></trkpt><trkpt lat="36.91647300000001" lon="-3.4850070000000004"><ele>619.306</ele><time>2026-09-28T09:17:16Z</time></trkpt><trkpt lat="36.91648200000001" lon="-3.4849490000000003"><ele>619.616</ele><time>2026-09-28T09:17:20Z</time></trkpt><trkpt lat="36.91650500000001" lon="-3.4848990000000004"><ele>620.009</ele><time>2026-09-28T09:17:25Z</time></trkpt><trkpt lat="36.91655000000001" lon="-3.4848800000000004"><ele>620.468</ele><time>2026-09-28T09:17:32Z</time></trkpt><trkpt lat="36.91659100000001" lon="-3.4849180000000004"><ele>620.684</ele><time>2026-09-28T09:17:36Z</time></trkpt><trkpt lat="36.91664100000001" lon="-3.484926"><ele>621.094</ele><time>2026-09-28T09:17:42Z</time></trkpt><trkpt lat="36.916674000000015" lon="-3.4849720000000004"><ele>621.490</ele><time>2026-09-28T09:17:55Z</time></trkpt><trkpt lat="36.916694000000014" lon="-3.4850240000000006"><ele>621.968</ele><time>2026-09-28T09:18:01Z</time></trkpt><trkpt lat="36.91671800000002" lon="-3.4850740000000004"><ele>622.738</ele><time>2026-09-28T09:18:06Z</time></trkpt><trkpt lat="36.91676000000002" lon="-3.4850950000000003"><ele>623.683</ele><time>2026-09-28T09:18:14Z</time></trkpt><trkpt lat="36.91680800000002" lon="-3.4850960000000004"><ele>624.629</ele><time>2026-09-28T09:18:20Z</time></trkpt><trkpt lat="36.91685300000002" lon="-3.4851070000000006"><ele>625.851</ele><time>2026-09-28T09:18:25Z</time></trkpt><trkpt lat="36.916882000000015" lon="-3.485156000000001"><ele>627.043</ele><time>2026-09-28T09:18:32Z</time></trkpt><trkpt lat="36.916896000000015" lon="-3.4850980000000007"><ele>628.064</ele><time>2026-09-28T09:18:46Z</time></trkpt><trkpt lat="36.916930000000015" lon="-3.4850590000000006"><ele>628.610</ele><time>2026-09-28T09:18:51Z</time></trkpt><trkpt lat="36.91697900000001" lon="-3.4850580000000004"><ele>629.309</ele><time>2026-09-28T09:18:56Z</time></trkpt><trkpt lat="36.91699700000001" lon="-3.4849680000000003"><ele>630.016</ele><time>2026-09-28T09:18:59Z</time></trkpt><trkpt lat="36.91705200000001" lon="-3.484951"><ele>630.882</ele><time>2026-09-28T09:19:02Z</time></trkpt><trkpt lat="36.91710100000001" lon="-3.484948"><ele>631.182</ele><time>2026-09-28T09:19:07Z</time></trkpt><trkpt lat="36.91714900000001" lon="-3.484979"><ele>631.498</ele><time>2026-09-28T09:19:11Z</time></trkpt><trkpt lat="36.91720400000001" lon="-3.484983"><ele>631.876</ele><time>2026-09-28T09:19:16Z</time></trkpt><trkpt lat="36.91725200000001" lon="-3.4849740000000002"><ele>632.096</ele><time>2026-09-28T09:19:20Z</time></trkpt><trkpt lat="36.91729400000001" lon="-3.484954"><ele>632.421</ele><time>2026-09-28T09:19:23Z</time></trkpt><trkpt lat="36.91734500000001" lon="-3.484948"><ele>632.857</ele><time>2026-09-28T09:19:27Z</time></trkpt><trkpt lat="36.917400000000015" lon="-3.484944"><ele>633.099</ele><time>2026-09-28T09:19:32Z</time></trkpt><trkpt lat="36.91740100000001" lon="-3.484877"><ele>633.339</ele><time>2026-09-28T09:19:42Z</time></trkpt><trkpt lat="36.91740500000001" lon="-3.484813"><ele>634.001</ele><time>2026-09-28T09:19:48Z</time></trkpt><trkpt lat="36.91739700000001" lon="-3.484757"><ele>634.821</ele><time>2026-09-28T09:19:53Z</time></trkpt><trkpt lat="36.91739000000001" lon="-3.484697"><ele>635.309</ele><time>2026-09-28T09:19:57Z</time></trkpt><trkpt lat="36.91737700000001" lon="-3.4846410000000003"><ele>635.685</ele><time>2026-09-28T09:20:01Z</time></trkpt><trkpt lat="36.91737500000001" lon="-3.48457"><ele>636.051</ele><time>2026-09-28T09:20:08Z</time></trkpt><trkpt lat="36.91739100000001" lon="-3.4845170000000003"><ele>636.371</ele><time>2026-09-28T09:20:23Z</time></trkpt><trkpt lat="36.91744200000001" lon="-3.484497"><ele>636.957</ele><time>2026-09-28T09:20:27Z</time></trkpt><trkpt lat="36.91749300000001" lon="-3.484519"><ele>637.795</ele><time>2026-09-28T09:20:32Z</time></trkpt><trkpt lat="36.91754800000001" lon="-3.484532"><ele>638.245</ele><time>2026-09-28T09:20:37Z</time></trkpt><trkpt lat="36.91760700000001" lon="-3.484541"><ele>638.690</ele><time>2026-09-28T09:20:44Z</time></trkpt><trkpt lat="36.91765700000001" lon="-3.484508"><ele>639.226</ele><time>2026-09-28T09:20:53Z</time></trkpt><trkpt lat="36.91771300000001" lon="-3.484539"><ele>639.938</ele><time>2026-09-28T09:20:56Z</time></trkpt><trkpt lat="36.91775600000001" lon="-3.484558"><ele>640.843</ele><time>2026-09-28T09:20:58Z</time></trkpt><trkpt lat="36.91780800000001" lon="-3.4845789999999996"><ele>641.364</ele><time>2026-09-28T09:21:01Z</time></trkpt><trkpt lat="36.91786100000001" lon="-3.4845729999999997"><ele>641.510</ele><time>2026-09-28T09:21:06Z</time></trkpt><trkpt lat="36.917910000000006" lon="-3.484574"><ele>641.909</ele><time>2026-09-28T09:21:12Z</time></trkpt><trkpt lat="36.917961000000005" lon="-3.4845349999999997"><ele>642.616</ele><time>2026-09-28T09:21:15Z</time></trkpt><trkpt lat="36.917962" lon="-3.4844699999999995"><ele>643.672</ele><time>2026-09-28T09:21:23Z</time></trkpt><trkpt lat="36.918009000000005" lon="-3.4844659999999994"><ele>644.452</ele><time>2026-09-28T09:21:30Z</time></trkpt><trkpt lat="36.918016" lon="-3.4844079999999993"><ele>645.218</ele><time>2026-09-28T09:21:43Z</time></trkpt><trkpt lat="36.91802" lon="-3.4843489999999995"><ele>645.856</ele><time>2026-09-28T09:21:49Z</time></trkpt><trkpt lat="36.917985" lon="-3.4842979999999995"><ele>645.956</ele><time>2026-09-28T09:21:55Z</time></trkpt><trkpt lat="36.917956000000004" lon="-3.4842459999999993"><ele>645.921</ele><time>2026-09-28T09:22:00Z</time></trkpt><trkpt lat="36.917939000000004" lon="-3.4841889999999993"><ele>645.917</ele><time>2026-09-28T09:22:04Z</time></trkpt><trkpt lat="36.91792" lon="-3.4841249999999993"><ele>645.959</ele><time>2026-09-28T09:22:09Z</time></trkpt><trkpt lat="36.917899000000006" lon="-3.484075999999999"><ele>645.838</ele><time>2026-09-28T09:22:13Z</time></trkpt><trkpt lat="36.91789000000001" lon="-3.484011999999999"><ele>645.770</ele><time>2026-09-28T09:22:17Z</time></trkpt><trkpt lat="36.91787300000001" lon="-3.483950999999999"><ele>645.617</ele><time>2026-09-28T09:22:22Z</time></trkpt><trkpt lat="36.917863000000004" lon="-3.483883999999999"><ele>645.509</ele><time>2026-09-28T09:22:25Z</time></trkpt><trkpt lat="36.917854000000005" lon="-3.483821999999999"><ele>645.485</ele><time>2026-09-28T09:22:31Z</time></trkpt><trkpt lat="36.917869" lon="-3.4837629999999993"><ele>645.331</ele><time>2026-09-28T09:22:35Z</time></trkpt><trkpt lat="36.917877000000004" lon="-3.4837009999999995"><ele>645.311</ele><time>2026-09-28T09:22:39Z</time></trkpt><trkpt lat="36.917894000000004" lon="-3.4836429999999994"><ele>645.347</ele><time>2026-09-28T09:22:45Z</time></trkpt><trkpt lat="36.91789300000001" lon="-3.4835789999999993"><ele>645.335</ele><time>2026-09-28T09:22:48Z</time></trkpt><trkpt lat="36.91790600000001" lon="-3.4835159999999994"><ele>645.385</ele><time>2026-09-28T09:22:52Z</time></trkpt><trkpt lat="36.91791100000001" lon="-3.483450999999999"><ele>645.380</ele><time>2026-09-28T09:22:56Z</time></trkpt><trkpt lat="36.91791100000001" lon="-3.4833919999999994"><ele>645.366</ele><time>2026-09-28T09:23:01Z</time></trkpt><trkpt lat="36.91791000000001" lon="-3.4833229999999995"><ele>645.388</ele><time>2026-09-28T09:23:07Z</time></trkpt><trkpt lat="36.917907000000014" lon="-3.4832639999999997"><ele>645.369</ele><time>2026-09-28T09:23:11Z</time></trkpt><trkpt lat="36.91789900000001" lon="-3.4832009999999998"><ele>645.304</ele><time>2026-09-28T09:23:15Z</time></trkpt><trkpt lat="36.917904000000014" lon="-3.4831269999999996"><ele>645.324</ele><time>2026-09-28T09:23:20Z</time></trkpt><trkpt lat="36.91790800000001" lon="-3.4830609999999997"><ele>645.309</ele><time>2026-09-28T09:23:25Z</time></trkpt><trkpt lat="36.91788800000001" lon="-3.4830029999999996"><ele>645.338</ele><time>2026-09-28T09:23:33Z</time></trkpt><trkpt lat="36.91784400000001" lon="-3.4829689999999998"><ele>645.484</ele><time>2026-09-28T09:23:37Z</time></trkpt><trkpt lat="36.91784600000001" lon="-3.4830259999999997"><ele>645.544</ele><time>2026-09-28T09:23:43Z</time></trkpt><trkpt lat="36.91783700000001" lon="-3.4830889999999997"><ele>645.520</ele><time>2026-09-28T09:23:48Z</time></trkpt><trkpt lat="36.91784300000001" lon="-3.4831519999999996"><ele>645.578</ele><time>2026-09-28T09:23:52Z</time></trkpt><trkpt lat="36.91786300000001" lon="-3.4832089999999996"><ele>645.588</ele><time>2026-09-28T09:23:55Z</time></trkpt><trkpt lat="36.91786700000001" lon="-3.4832709999999993"><ele>645.443</ele><time>2026-09-28T09:24:00Z</time></trkpt><trkpt lat="36.91787500000001" lon="-3.4833439999999993"><ele>645.499</ele><time>2026-09-28T09:24:05Z</time></trkpt><trkpt lat="36.91786400000001" lon="-3.4834089999999995"><ele>645.441</ele><time>2026-09-28T09:24:10Z</time></trkpt><trkpt lat="36.91787400000001" lon="-3.4834759999999996"><ele>645.413</ele><time>2026-09-28T09:24:14Z</time></trkpt><trkpt lat="36.917898000000015" lon="-3.4835339999999997"><ele>645.443</ele><time>2026-09-28T09:24:18Z</time></trkpt><trkpt lat="36.91790200000001" lon="-3.4835909999999997"><ele>645.407</ele><time>2026-09-28T09:24:23Z</time></trkpt><trkpt lat="36.917904000000014" lon="-3.483656"><ele>645.409</ele><time>2026-09-28T09:24:25Z</time></trkpt><trkpt lat="36.91789100000001" lon="-3.483717"><ele>645.423</ele><time>2026-09-28T09:24:31Z</time></trkpt><trkpt lat="36.91789400000001" lon="-3.483786"><ele>645.469</ele><time>2026-09-28T09:24:35Z</time></trkpt><trkpt lat="36.91792000000001" lon="-3.4838419999999997"><ele>645.639</ele><time>2026-09-28T09:24:38Z</time></trkpt><trkpt lat="36.91791700000001" lon="-3.4839169999999995"><ele>645.785</ele><time>2026-09-28T09:24:43Z</time></trkpt><trkpt lat="36.91788100000001" lon="-3.4839589999999996"><ele>645.733</ele><time>2026-09-28T09:24:47Z</time></trkpt><trkpt lat="36.917834000000006" lon="-3.4839539999999998"><ele>645.793</ele><time>2026-09-28T09:24:52Z</time></trkpt><trkpt lat="36.917793" lon="-3.483989"><ele>645.728</ele><time>2026-09-28T09:24:55Z</time></trkpt><trkpt lat="36.917743" lon="-3.4839819999999997"><ele>645.784</ele><time>2026-09-28T09:24:59Z</time></trkpt><trkpt lat="36.917695" lon="-3.4839979999999997"><ele>645.496</ele><time>2026-09-28T09:25:07Z</time></trkpt><trkpt lat="36.917651" lon="-3.4840159999999996"><ele>644.914</ele><time>2026-09-28T09:25:16Z</time></trkpt><trkpt lat="36.917603" lon="-3.4840379999999995"><ele>644.554</ele><time>2026-09-28T09:25:22Z</time></trkpt><trkpt lat="36.917654999999996" lon="-3.4840339999999994"><ele>644.209</ele><time>2026-09-28T09:25:28Z</time></trkpt><trkpt lat="36.917697999999994" lon="-3.4840089999999995"><ele>644.109</ele><time>2026-09-28T09:25:32Z</time></trkpt><trkpt lat="36.917739" lon="-3.4839599999999993"><ele>644.143</ele><time>2026-09-28T09:25:38Z</time></trkpt><trkpt lat="36.91779" lon="-3.483952999999999"><ele>644.119</ele><time>2026-09-28T09:25:42Z</time></trkpt><trkpt lat="36.917843" lon="-3.4839449999999994"><ele>644.459</ele><time>2026-09-28T09:25:46Z</time></trkpt><trkpt lat="36.917879" lon="-3.4839059999999993"><ele>644.895</ele><time>2026-09-28T09:25:52Z</time></trkpt><trkpt lat="36.917867" lon="-3.4838389999999992"><ele>645.313</ele><time>2026-09-28T09:25:59Z</time></trkpt><trkpt lat="36.917887" lon="-3.483780999999999"><ele>645.973</ele><time>2026-09-28T09:26:04Z</time></trkpt><trkpt lat="36.91789" lon="-3.483715999999999"><ele>646.188</ele><time>2026-09-28T09:26:10Z</time></trkpt><trkpt lat="36.91788" lon="-3.4836449999999988"><ele>646.194</ele><time>2026-09-28T09:26:15Z</time></trkpt><trkpt lat="36.917880999999994" lon="-3.483588999999999"><ele>646.176</ele><time>2026-09-28T09:26:19Z</time></trkpt><trkpt lat="36.91787099999999" lon="-3.483530999999999"><ele>646.173</ele><time>2026-09-28T09:26:24Z</time></trkpt><trkpt lat="36.91788199999999" lon="-3.483474999999999"><ele>646.085</ele><time>2026-09-28T09:26:31Z</time></trkpt><trkpt lat="36.91789299999999" lon="-3.483404999999999"><ele>645.913</ele><time>2026-09-28T09:26:42Z</time></trkpt><trkpt lat="36.91788799999999" lon="-3.483334999999999"><ele>645.809</ele><time>2026-09-28T09:26:47Z</time></trkpt><trkpt lat="36.91787199999999" lon="-3.483274999999999"><ele>645.829</ele><time>2026-09-28T09:26:51Z</time></trkpt><trkpt lat="36.91782899999999" lon="-3.483247999999999"><ele>645.895</ele><time>2026-09-28T09:26:55Z</time></trkpt><trkpt lat="36.91777999999999" lon="-3.483248999999999"><ele>645.815</ele><time>2026-09-28T09:27:00Z</time></trkpt><trkpt lat="36.91772499999999" lon="-3.4832379999999987"><ele>645.861</ele><time>2026-09-28T09:27:04Z</time></trkpt><trkpt lat="36.91768499999999" lon="-3.4832059999999987"><ele>645.569</ele><time>2026-09-28T09:27:08Z</time></trkpt><trkpt lat="36.91762899999999" lon="-3.4832319999999988"><ele>644.919</ele><time>2026-09-28T09:27:13Z</time></trkpt><trkpt lat="36.91758199999999" lon="-3.4832689999999986"><ele>644.544</ele><time>2026-09-28T09:27:17Z</time></trkpt><trkpt lat="36.91753899999999" lon="-3.4832899999999984"><ele>644.190</ele><time>2026-09-28T09:27:21Z</time></trkpt><trkpt lat="36.91753099999999" lon="-3.4833509999999985"><ele>643.692</ele><time>2026-09-28T09:27:27Z</time></trkpt><trkpt lat="36.91748499999999" lon="-3.4833659999999984"><ele>643.191</ele><time>2026-09-28T09:28:05Z</time></trkpt><trkpt lat="36.91747499999999" lon="-3.4834239999999985"><ele>642.881</ele><time>2026-09-28T09:28:19Z</time></trkpt><trkpt lat="36.91746099999999" lon="-3.4834829999999983"><ele>642.719</ele><time>2026-09-28T09:28:27Z</time></trkpt><trkpt lat="36.91743499999999" lon="-3.4835319999999985"><ele>642.609</ele><time>2026-09-28T09:28:35Z</time></trkpt><trkpt lat="36.91738499999999" lon="-3.4835319999999985"><ele>642.471</ele><time>2026-09-28T09:28:41Z</time></trkpt><trkpt lat="36.917346999999985" lon="-3.4834979999999987"><ele>642.077</ele><time>2026-09-28T09:28:45Z</time></trkpt><trkpt lat="36.91731799999999" lon="-3.483444999999999"><ele>641.497</ele><time>2026-09-28T09:28:48Z</time></trkpt><trkpt lat="36.91732299999999" lon="-3.483384999999999"><ele>641.113</ele><time>2026-09-28T09:28:53Z</time></trkpt><trkpt lat="36.91731799999999" lon="-3.483322999999999"><ele>641.071</ele><time>2026-09-28T09:28:56Z</time></trkpt><trkpt lat="36.91728999999999" lon="-3.483256999999999"><ele>641.071</ele><time>2026-09-28T09:29:05Z</time></trkpt><trkpt lat="36.917250999999986" lon="-3.483199999999999"><ele>641.036</ele><time>2026-09-28T09:29:09Z</time></trkpt><trkpt lat="36.91724699999999" lon="-3.483142999999999"><ele>640.992</ele><time>2026-09-28T09:29:14Z</time></trkpt><trkpt lat="36.91724699999999" lon="-3.4830809999999994"><ele>640.844</ele><time>2026-09-28T09:29:20Z</time></trkpt><trkpt lat="36.91730499999999" lon="-3.4830829999999993"><ele>640.732</ele><time>2026-09-28T09:29:29Z</time></trkpt><trkpt lat="36.91729999999999" lon="-3.4831439999999994"><ele>640.892</ele><time>2026-09-28T09:29:43Z</time></trkpt><trkpt lat="36.91732099999999" lon="-3.483088999999999"><ele>640.811</ele><time>2026-09-28T09:30:11Z</time></trkpt><trkpt lat="36.917386999999984" lon="-3.4830989999999993"><ele>642.409</ele><time>2026-09-28T09:30:21Z</time></trkpt><trkpt lat="36.91743799999998" lon="-3.4830899999999994"><ele>642.465</ele><time>2026-09-28T09:30:25Z</time></trkpt><trkpt lat="36.91746399999998" lon="-3.4830429999999994"><ele>642.431</ele><time>2026-09-28T09:30:28Z</time></trkpt><trkpt lat="36.91750899999998" lon="-3.4830939999999995"><ele>642.511</ele><time>2026-09-28T09:30:34Z</time></trkpt><trkpt lat="36.91756199999998" lon="-3.4830769999999993"><ele>642.587</ele><time>2026-09-28T09:30:38Z</time></trkpt><trkpt lat="36.917622999999985" lon="-3.483034999999999"><ele>642.625</ele><time>2026-09-28T09:30:41Z</time></trkpt><trkpt lat="36.917647999999986" lon="-3.4829719999999993"><ele>642.775</ele><time>2026-09-28T09:30:43Z</time></trkpt><trkpt lat="36.91770599999999" lon="-3.4829829999999995"><ele>642.850</ele><time>2026-09-28T09:30:47Z</time></trkpt><trkpt lat="36.91775099999999" lon="-3.4829729999999994"><ele>643.036</ele><time>2026-09-28T09:30:51Z</time></trkpt><trkpt lat="36.91779799999999" lon="-3.4829619999999992"><ele>644.058</ele><time>2026-09-28T09:30:55Z</time></trkpt><trkpt lat="36.91782799999999" lon="-3.482913999999999"><ele>644.412</ele><time>2026-09-28T09:31:00Z</time></trkpt><trkpt lat="36.91782799999999" lon="-3.4828539999999992"><ele>645.032</ele><time>2026-09-28T09:31:04Z</time></trkpt><trkpt lat="36.917835999999994" lon="-3.4827969999999993"><ele>645.605</ele><time>2026-09-28T09:31:08Z</time></trkpt><trkpt lat="36.917846" lon="-3.482741999999999"><ele>646.109</ele><time>2026-09-28T09:31:13Z</time></trkpt><trkpt lat="36.917826999999996" lon="-3.4826889999999993"><ele>646.293</ele><time>2026-09-28T09:31:18Z</time></trkpt><trkpt lat="36.917832999999995" lon="-3.4826289999999993"><ele>646.299</ele><time>2026-09-28T09:32:06Z</time></trkpt><trkpt lat="36.917854999999996" lon="-3.4825649999999992"><ele>646.239</ele><time>2026-09-28T09:32:11Z</time></trkpt><trkpt lat="36.917866999999994" lon="-3.482496999999999"><ele>646.365</ele><time>2026-09-28T09:32:15Z</time></trkpt><trkpt lat="36.91787599999999" lon="-3.482428999999999"><ele>646.563</ele><time>2026-09-28T09:32:19Z</time></trkpt><trkpt lat="36.91788799999999" lon="-3.4823709999999988"><ele>646.673</ele><time>2026-09-28T09:32:23Z</time></trkpt><trkpt lat="36.91789599999999" lon="-3.482313999999999"><ele>646.718</ele><time>2026-09-28T09:32:27Z</time></trkpt><trkpt lat="36.917880999999994" lon="-3.482243999999999"><ele>646.934</ele><time>2026-09-28T09:32:32Z</time></trkpt><trkpt lat="36.91787899999999" lon="-3.482181999999999"><ele>647.166</ele><time>2026-09-28T09:32:37Z</time></trkpt><trkpt lat="36.917860999999995" lon="-3.482124999999999"><ele>647.374</ele><time>2026-09-28T09:32:47Z</time></trkpt><trkpt lat="36.917871" lon="-3.482060999999999"><ele>647.556</ele><time>2026-09-28T09:32:53Z</time></trkpt><trkpt lat="36.917882999999996" lon="-3.481989999999999"><ele>647.721</ele><time>2026-09-28T09:32:59Z</time></trkpt><trkpt lat="36.917891" lon="-3.481914999999999"><ele>647.809</ele><time>2026-09-28T09:33:05Z</time></trkpt><trkpt lat="36.91788" lon="-3.481838999999999"><ele>648.079</ele><time>2026-09-28T09:33:09Z</time></trkpt><trkpt lat="36.917883999999994" lon="-3.481767999999999"><ele>648.175</ele><time>2026-09-28T09:33:14Z</time></trkpt><trkpt lat="36.91789899999999" lon="-3.481707999999999"><ele>648.235</ele><time>2026-09-28T09:33:18Z</time></trkpt><trkpt lat="36.91791599999999" lon="-3.481645999999999"><ele>648.311</ele><time>2026-09-28T09:33:23Z</time></trkpt><trkpt lat="36.91792799999999" lon="-3.481584999999999"><ele>648.369</ele><time>2026-09-28T09:33:27Z</time></trkpt><trkpt lat="36.91795799999999" lon="-3.481526999999999"><ele>648.349</ele><time>2026-09-28T09:33:32Z</time></trkpt><trkpt lat="36.91794599999999" lon="-3.481454999999999"><ele>648.394</ele><time>2026-09-28T09:33:37Z</time></trkpt><trkpt lat="36.91795499999999" lon="-3.481394999999999"><ele>648.470</ele><time>2026-09-28T09:33:41Z</time></trkpt><trkpt lat="36.91797599999999" lon="-3.4813329999999993"><ele>648.512</ele><time>2026-09-28T09:33:46Z</time></trkpt><trkpt lat="36.91796099999999" lon="-3.481261999999999"><ele>648.649</ele><time>2026-09-28T09:33:51Z</time></trkpt><trkpt lat="36.91797199999999" lon="-3.4812029999999994"><ele>648.602</ele><time>2026-09-28T09:33:56Z</time></trkpt><trkpt lat="36.917987999999994" lon="-3.4811289999999993"><ele>648.622</ele><time>2026-09-28T09:34:00Z</time></trkpt><trkpt lat="36.918015" lon="-3.481076999999999"><ele>648.609</ele><time>2026-09-28T09:34:04Z</time></trkpt><trkpt lat="36.91804" lon="-3.481024999999999"><ele>648.746</ele><time>2026-09-28T09:34:08Z</time></trkpt><trkpt lat="36.91809" lon="-3.4809729999999988"><ele>648.912</ele><time>2026-09-28T09:34:12Z</time></trkpt><trkpt lat="36.918083" lon="-3.480909999999999"><ele>649.282</ele><time>2026-09-28T09:34:25Z</time></trkpt><trkpt lat="36.9181" lon="-3.480852999999999"><ele>649.218</ele><time>2026-09-28T09:34:30Z</time></trkpt><trkpt lat="36.918103" lon="-3.480785999999999"><ele>649.486</ele><time>2026-09-28T09:34:36Z</time></trkpt><trkpt lat="36.918126" lon="-3.480732999999999"><ele>649.646</ele><time>2026-09-28T09:34:41Z</time></trkpt><trkpt lat="36.918147" lon="-3.480669999999999"><ele>649.761</ele><time>2026-09-28T09:34:46Z</time></trkpt><trkpt lat="36.918161" lon="-3.480615999999999"><ele>649.967</ele><time>2026-09-28T09:34:51Z</time></trkpt><trkpt lat="36.918174" lon="-3.480561999999999"><ele>650.159</ele><time>2026-09-28T09:34:56Z</time></trkpt><trkpt lat="36.918195" lon="-3.480497999999999"><ele>650.311</ele><time>2026-09-28T09:35:02Z</time></trkpt><trkpt lat="36.918217" lon="-3.480438999999999"><ele>650.521</ele><time>2026-09-28T09:35:06Z</time></trkpt><trkpt lat="36.918172" lon="-3.480511999999999"><ele>650.903</ele><time>2026-09-28T09:35:19Z</time></trkpt><trkpt lat="36.918136" lon="-3.480548999999999"><ele>651.009</ele><time>2026-09-28T09:35:21Z</time></trkpt><trkpt lat="36.918093999999996" lon="-3.480588999999999"><ele>651.253</ele><time>2026-09-28T09:35:23Z</time></trkpt><trkpt lat="36.917956999999994" lon="-3.4806679999999988"><ele>651.239</ele><time>2026-09-28T09:35:25Z</time></trkpt><trkpt lat="36.918015999999994" lon="-3.4807059999999987"><ele>651.239</ele><time>2026-09-28T09:35:31Z</time></trkpt><trkpt lat="36.918012" lon="-3.480611999999999"><ele>651.265</ele><time>2026-09-28T09:35:33Z</time></trkpt><trkpt lat="36.918077" lon="-3.4806359999999987"><ele>651.243</ele><time>2026-09-28T09:35:35Z</time></trkpt><trkpt lat="36.918093999999996" lon="-3.4805789999999988"><ele>651.283</ele><time>2026-09-28T09:35:38Z</time></trkpt><trkpt lat="36.91811499999999" lon="-3.4805239999999986"><ele>651.278</ele><time>2026-09-28T09:35:56Z</time></trkpt><trkpt lat="36.91810199999999" lon="-3.4804379999999986"><ele>651.234</ele><time>2026-09-28T09:36:18Z</time></trkpt><trkpt lat="36.91818499999999" lon="-3.4806119999999985"><ele>651.416</ele><time>2026-09-28T09:36:36Z</time></trkpt><trkpt lat="36.91818199999999" lon="-3.4805189999999984"><ele>651.449</ele><time>2026-09-28T09:36:48Z</time></trkpt><trkpt lat="36.91815299999999" lon="-3.4804529999999985"><ele>651.302</ele><time>2026-09-28T09:36:50Z</time></trkpt><trkpt lat="36.91813399999999" lon="-3.4803969999999986"><ele>651.322</ele><time>2026-09-28T09:36:54Z</time></trkpt><trkpt lat="36.91810799999999" lon="-3.4803459999999986"><ele>651.309</ele><time>2026-09-28T09:37:08Z</time></trkpt><trkpt lat="36.91809599999999" lon="-3.4802889999999986"><ele>651.356</ele><time>2026-09-28T09:38:12Z</time></trkpt><trkpt lat="36.91812199999999" lon="-3.4802349999999986"><ele>651.312</ele><time>2026-09-28T09:38:18Z</time></trkpt><trkpt lat="36.91815699999999" lon="-3.4801829999999985"><ele>651.372</ele><time>2026-09-28T09:38:23Z</time></trkpt><trkpt lat="36.91818999999999" lon="-3.4801349999999984"><ele>651.318</ele><time>2026-09-28T09:38:28Z</time></trkpt><trkpt lat="36.918221999999986" lon="-3.4800909999999985"><ele>651.336</ele><time>2026-09-28T09:38:33Z</time></trkpt><trkpt lat="36.918255999999985" lon="-3.4800519999999984"><ele>651.426</ele><time>2026-09-28T09:38:40Z</time></trkpt><trkpt lat="36.91828799999998" lon="-3.4800099999999983"><ele>651.581</ele><time>2026-09-28T09:38:45Z</time></trkpt><trkpt lat="36.91833599999998" lon="-3.4799949999999984"><ele>651.687</ele><time>2026-09-28T09:39:10Z</time></trkpt><trkpt lat="36.918362999999985" lon="-3.4799479999999985"><ele>651.859</ele><time>2026-09-28T09:39:16Z</time></trkpt><trkpt lat="36.91838099999998" lon="-3.4798879999999985"><ele>652.269</ele><time>2026-09-28T09:39:21Z</time></trkpt><trkpt lat="36.91838699999998" lon="-3.4798219999999986"><ele>652.604</ele><time>2026-09-28T09:39:26Z</time></trkpt><trkpt lat="36.91842899999998" lon="-3.4797799999999985"><ele>652.824</ele><time>2026-09-28T09:39:34Z</time></trkpt><trkpt lat="36.91846399999998" lon="-3.4797379999999984"><ele>653.109</ele><time>2026-09-28T09:39:41Z</time></trkpt><trkpt lat="36.91848999999998" lon="-3.4796779999999985"><ele>653.578</ele><time>2026-09-28T09:39:48Z</time></trkpt><trkpt lat="36.91850899999998" lon="-3.4796109999999985"><ele>653.984</ele><time>2026-09-28T09:39:53Z</time></trkpt><trkpt lat="36.91854199999998" lon="-3.4795579999999986"><ele>654.184</ele><time>2026-09-28T09:39:58Z</time></trkpt><trkpt lat="36.91855299999998" lon="-3.4794999999999985"><ele>654.210</ele><time>2026-09-28T09:40:02Z</time></trkpt><trkpt lat="36.918593999999985" lon="-3.4794609999999984"><ele>654.388</ele><time>2026-09-28T09:40:07Z</time></trkpt><trkpt lat="36.91863699999998" lon="-3.4794179999999986"><ele>654.448</ele><time>2026-09-28T09:40:12Z</time></trkpt><trkpt lat="36.91866199999998" lon="-3.4793599999999985"><ele>654.543</ele><time>2026-09-28T09:40:17Z</time></trkpt><trkpt lat="36.91869099999998" lon="-3.4793089999999984"><ele>654.699</ele><time>2026-09-28T09:40:21Z</time></trkpt><trkpt lat="36.91872699999998" lon="-3.4792739999999984"><ele>654.711</ele><time>2026-09-28T09:40:25Z</time></trkpt><trkpt lat="36.918753999999986" lon="-3.4792249999999982"><ele>654.876</ele><time>2026-09-28T09:40:29Z</time></trkpt><trkpt lat="36.918776999999984" lon="-3.479172999999998"><ele>654.990</ele><time>2026-09-28T09:40:34Z</time></trkpt><trkpt lat="36.918812999999986" lon="-3.479123999999998"><ele>655.019</ele><time>2026-09-28T09:40:39Z</time></trkpt><trkpt lat="36.918838999999984" lon="-3.479062999999998"><ele>655.109</ele><time>2026-09-28T09:40:45Z</time></trkpt><trkpt lat="36.918798999999986" lon="-3.4789949999999976"><ele>655.219</ele><time>2026-09-28T09:40:59Z</time></trkpt><trkpt lat="36.91874099999998" lon="-3.478992999999998"><ele>655.275</ele><time>2026-09-28T09:41:02Z</time></trkpt><trkpt lat="36.918731999999984" lon="-3.4790619999999977"><ele>654.225</ele><time>2026-09-28T09:41:15Z</time></trkpt><trkpt lat="36.91877799999998" lon="-3.479053999999998"><ele>654.261</ele><time>2026-09-28T09:41:18Z</time></trkpt><trkpt lat="36.91882299999998" lon="-3.4790499999999978"><ele>654.279</ele><time>2026-09-28T09:41:23Z</time></trkpt><trkpt lat="36.91885499999998" lon="-3.478987999999998"><ele>654.349</ele><time>2026-09-28T09:41:26Z</time></trkpt><trkpt lat="36.91886899999998" lon="-3.478928999999998"><ele>654.674</ele><time>2026-09-28T09:41:30Z</time></trkpt><trkpt lat="36.91891299999998" lon="-3.478911999999998"><ele>655.040</ele><time>2026-09-28T09:42:10Z</time></trkpt><trkpt lat="36.91893599999998" lon="-3.478862999999998"><ele>655.252</ele><time>2026-09-28T09:42:23Z</time></trkpt><trkpt lat="36.91898499999998" lon="-3.478881999999998"><ele>655.329</ele><time>2026-09-28T09:42:26Z</time></trkpt><trkpt lat="36.91903199999998" lon="-3.4788689999999978"><ele>655.600</ele><time>2026-09-28T09:42:29Z</time></trkpt><trkpt lat="36.91907899999998" lon="-3.478895999999998"><ele>655.920</ele><time>2026-09-28T09:42:33Z</time></trkpt><trkpt lat="36.91907999999998" lon="-3.478817999999998"><ele>655.909</ele><time>2026-09-28T09:42:44Z</time></trkpt><trkpt lat="36.91908299999998" lon="-3.4787519999999983"><ele>655.914</ele><time>2026-09-28T09:42:47Z</time></trkpt><trkpt lat="36.91903299999998" lon="-3.4787929999999982"><ele>655.710</ele><time>2026-09-28T09:42:52Z</time></trkpt><trkpt lat="36.91899099999998" lon="-3.4788319999999984"><ele>655.610</ele><time>2026-09-28T09:42:53Z</time></trkpt><trkpt lat="36.91894599999998" lon="-3.4788409999999983"><ele>655.646</ele><time>2026-09-28T09:42:55Z</time></trkpt><trkpt lat="36.918960999999975" lon="-3.4787869999999983"><ele>655.614</ele><time>2026-09-28T09:43:07Z</time></trkpt><trkpt lat="36.91897599999997" lon="-3.4787269999999983"><ele>655.694</ele><time>2026-09-28T09:43:12Z</time></trkpt><trkpt lat="36.918935999999974" lon="-3.4786879999999982"><ele>655.429</ele><time>2026-09-28T09:43:23Z</time></trkpt><trkpt lat="36.91888599999997" lon="-3.478648999999998"><ele>655.255</ele><time>2026-09-28T09:43:27Z</time></trkpt><trkpt lat="36.91884099999997" lon="-3.478628999999998"><ele>654.737</ele><time>2026-09-28T09:43:31Z</time></trkpt><trkpt lat="36.91888999999997" lon="-3.478666999999998"><ele>653.917</ele><time>2026-09-28T09:43:40Z</time></trkpt><trkpt lat="36.91894399999997" lon="-3.4786909999999978"><ele>653.687</ele><time>2026-09-28T09:43:46Z</time></trkpt><trkpt lat="36.91898899999997" lon="-3.478662999999998"><ele>653.615</ele><time>2026-09-28T09:43:54Z</time></trkpt><trkpt lat="36.91907299999997" lon="-3.478707999999998"><ele>653.809</ele><time>2026-09-28T09:44:28Z</time></trkpt><trkpt lat="36.91907799999997" lon="-3.478648999999998"><ele>655.193</ele><time>2026-09-28T09:44:32Z</time></trkpt><trkpt lat="36.91902499999997" lon="-3.4786789999999983"><ele>655.119</ele><time>2026-09-28T09:45:00Z</time></trkpt><trkpt lat="36.91897299999997" lon="-3.4787119999999985"><ele>655.159</ele><time>2026-09-28T09:45:11Z</time></trkpt><trkpt lat="36.91894199999997" lon="-3.4787669999999986"><ele>654.925</ele><time>2026-09-28T09:45:16Z</time></trkpt><trkpt lat="36.918934999999976" lon="-3.4788309999999987"><ele>654.963</ele><time>2026-09-28T09:45:21Z</time></trkpt><trkpt lat="36.918921999999974" lon="-3.478885999999999"><ele>654.953</ele><time>2026-09-28T09:45:24Z</time></trkpt><trkpt lat="36.918918999999974" lon="-3.4788219999999987"><ele>654.938</ele><time>2026-09-28T09:45:48Z</time></trkpt><trkpt lat="36.91893699999997" lon="-3.4787639999999986"><ele>654.934</ele><time>2026-09-28T09:45:51Z</time></trkpt><trkpt lat="36.91894599999997" lon="-3.4786979999999987"><ele>654.986</ele><time>2026-09-28T09:45:55Z</time></trkpt><trkpt lat="36.91894199999997" lon="-3.4786399999999986"><ele>654.918</ele><time>2026-09-28T09:45:57Z</time></trkpt><trkpt lat="36.91895999999997" lon="-3.4785879999999985"><ele>654.998</ele><time>2026-09-28T09:46:01Z</time></trkpt><trkpt lat="36.91893899999997" lon="-3.4785329999999983"><ele>654.917</ele><time>2026-09-28T09:46:04Z</time></trkpt><trkpt lat="36.91893899999997" lon="-3.4784569999999984"><ele>654.809</ele><time>2026-09-28T09:46:26Z</time></trkpt><trkpt lat="36.91895699999997" lon="-3.478401999999998"><ele>654.763</ele><time>2026-09-28T09:46:30Z</time></trkpt><trkpt lat="36.91897499999997" lon="-3.478340999999998"><ele>654.669</ele><time>2026-09-28T09:46:36Z</time></trkpt><trkpt lat="36.91899099999997" lon="-3.478276999999998"><ele>654.549</ele><time>2026-09-28T09:46:46Z</time></trkpt><trkpt lat="36.91901399999997" lon="-3.478219999999998"><ele>654.485</ele><time>2026-09-28T09:46:55Z</time></trkpt><trkpt lat="36.91901999999997" lon="-3.478277999999998"><ele>654.383</ele><time>2026-09-28T09:47:11Z</time></trkpt><trkpt lat="36.91899799999997" lon="-3.478340999999998"><ele>654.243</ele><time>2026-09-28T09:47:14Z</time></trkpt><trkpt lat="36.91897199999997" lon="-3.478391999999998"><ele>654.138</ele><time>2026-09-28T09:47:19Z</time></trkpt><trkpt lat="36.91901399999997" lon="-3.4783679999999984"><ele>654.134</ele><time>2026-09-28T09:47:23Z</time></trkpt><trkpt lat="36.91908399999997" lon="-3.4783449999999982"><ele>654.196</ele><time>2026-09-28T09:47:30Z</time></trkpt><trkpt lat="36.91912399999997" lon="-3.478312999999998"><ele>654.217</ele><time>2026-09-28T09:47:39Z</time></trkpt><trkpt lat="36.91913199999997" lon="-3.4783709999999983"><ele>654.387</ele><time>2026-09-28T09:47:43Z</time></trkpt><trkpt lat="36.91917999999997" lon="-3.478340999999998"><ele>654.715</ele><time>2026-09-28T09:47:50Z</time></trkpt><trkpt lat="36.919231999999965" lon="-3.478324999999998"><ele>655.009</ele><time>2026-09-28T09:47:52Z</time></trkpt><trkpt lat="36.919313999999964" lon="-3.478346999999998"><ele>655.013</ele><time>2026-09-28T09:47:54Z</time></trkpt><trkpt lat="36.919358999999965" lon="-3.478356999999998"><ele>655.079</ele><time>2026-09-28T09:47:57Z</time></trkpt><trkpt lat="36.91940599999997" lon="-3.4783289999999982"><ele>655.079</ele><time>2026-09-28T09:48:00Z</time></trkpt><trkpt lat="36.91938199999996" lon="-3.478228999999998"><ele>655.225</ele><time>2026-09-28T09:48:03Z</time></trkpt><trkpt lat="36.91945299999996" lon="-3.478218999999998"><ele>655.563</ele><time>2026-09-28T09:48:05Z</time></trkpt><trkpt lat="36.919499999999964" lon="-3.478225999999998"><ele>655.843</ele><time>2026-09-28T09:48:07Z</time></trkpt><trkpt lat="36.919544999999964" lon="-3.478286999999998"><ele>656.058</ele><time>2026-09-28T09:48:10Z</time></trkpt><trkpt lat="36.91957099999996" lon="-3.478372999999998"><ele>656.264</ele><time>2026-09-28T09:48:11Z</time></trkpt><trkpt lat="36.919527999999964" lon="-3.478428999999998"><ele>656.556</ele><time>2026-09-28T09:48:13Z</time></trkpt><trkpt lat="36.919487999999966" lon="-3.478376999999998"><ele>656.657</ele><time>2026-09-28T09:48:16Z</time></trkpt><trkpt lat="36.91948699999997" lon="-3.478319999999998"><ele>656.700</ele><time>2026-09-28T09:48:20Z</time></trkpt><trkpt lat="36.91949199999997" lon="-3.478257999999998"><ele>656.920</ele><time>2026-09-28T09:48:25Z</time></trkpt><trkpt lat="36.91952499999997" lon="-3.478216999999998"><ele>656.909</ele><time>2026-09-28T09:48:30Z</time></trkpt><trkpt lat="36.919534999999975" lon="-3.478151999999998"><ele>656.967</ele><time>2026-09-28T09:48:35Z</time></trkpt><trkpt lat="36.91957499999997" lon="-3.4781219999999977"><ele>657.063</ele><time>2026-09-28T09:48:52Z</time></trkpt><trkpt lat="36.919616999999974" lon="-3.478147999999998"><ele>657.173</ele><time>2026-09-28T09:48:57Z</time></trkpt><trkpt lat="36.919661999999974" lon="-3.478167999999998"><ele>657.219</ele><time>2026-09-28T09:49:01Z</time></trkpt><trkpt lat="36.91971399999997" lon="-3.478179999999998"><ele>657.377</ele><time>2026-09-28T09:49:06Z</time></trkpt><trkpt lat="36.91977299999997" lon="-3.4781879999999976"><ele>657.577</ele><time>2026-09-28T09:49:12Z</time></trkpt><trkpt lat="36.91980699999997" lon="-3.4781389999999974"><ele>657.982</ele><time>2026-09-28T09:49:16Z</time></trkpt><trkpt lat="36.91982899999997" lon="-3.4780839999999973"><ele>658.498</ele><time>2026-09-28T09:49:20Z</time></trkpt><trkpt lat="36.91985199999997" lon="-3.4780359999999972"><ele>659.070</ele><time>2026-09-28T09:49:24Z</time></trkpt><trkpt lat="36.91986799999997" lon="-3.477967999999997"><ele>659.354</ele><time>2026-09-28T09:49:29Z</time></trkpt><trkpt lat="36.91988499999997" lon="-3.477913999999997"><ele>659.356</ele><time>2026-09-28T09:49:34Z</time></trkpt><trkpt lat="36.91987399999997" lon="-3.477858999999997"><ele>659.311</ele><time>2026-09-28T09:49:41Z</time></trkpt><trkpt lat="36.919827999999974" lon="-3.477849999999997"><ele>659.309</ele><time>2026-09-28T09:49:44Z</time></trkpt><trkpt lat="36.919779999999975" lon="-3.477839999999997"><ele>659.027</ele><time>2026-09-28T09:49:48Z</time></trkpt><trkpt lat="36.919731999999975" lon="-3.477834999999997"><ele>658.743</ele><time>2026-09-28T09:49:52Z</time></trkpt><trkpt lat="36.91967699999997" lon="-3.477830999999997"><ele>658.413</ele><time>2026-09-28T09:49:56Z</time></trkpt><trkpt lat="36.919630999999974" lon="-3.477799999999997"><ele>657.959</ele><time>2026-09-28T09:50:01Z</time></trkpt><trkpt lat="36.919627999999975" lon="-3.477726999999997"><ele>657.487</ele><time>2026-09-28T09:50:06Z</time></trkpt><trkpt lat="36.91963999999997" lon="-3.477656999999997"><ele>656.757</ele><time>2026-09-28T09:50:11Z</time></trkpt><trkpt lat="36.91964899999997" lon="-3.477596999999997"><ele>656.152</ele><time>2026-09-28T09:50:15Z</time></trkpt><trkpt lat="36.91966999999997" lon="-3.477541999999997"><ele>655.928</ele><time>2026-09-28T09:50:19Z</time></trkpt><trkpt lat="36.91967599999997" lon="-3.477485999999997"><ele>655.540</ele><time>2026-09-28T09:50:23Z</time></trkpt><trkpt lat="36.91968399999997" lon="-3.4774299999999974"><ele>655.254</ele><time>2026-09-28T09:50:27Z</time></trkpt><trkpt lat="36.91968599999997" lon="-3.4773639999999975"><ele>654.956</ele><time>2026-09-28T09:50:32Z</time></trkpt><trkpt lat="36.91969899999997" lon="-3.4772979999999976"><ele>654.511</ele><time>2026-09-28T09:50:37Z</time></trkpt><trkpt lat="36.919711999999976" lon="-3.4772299999999974"><ele>654.009</ele><time>2026-09-28T09:50:42Z</time></trkpt><trkpt lat="36.91973599999998" lon="-3.4771799999999975"><ele>653.527</ele><time>2026-09-28T09:50:47Z</time></trkpt><trkpt lat="36.91974099999998" lon="-3.4771199999999975"><ele>653.153</ele><time>2026-09-28T09:50:51Z</time></trkpt><trkpt lat="36.91976399999998" lon="-3.4770559999999975"><ele>652.663</ele><time>2026-09-28T09:50:56Z</time></trkpt><trkpt lat="36.91979399999998" lon="-3.4770129999999977"><ele>652.239</ele><time>2026-09-28T09:51:00Z</time></trkpt><trkpt lat="36.919820999999985" lon="-3.4769609999999975"><ele>651.857</ele><time>2026-09-28T09:51:04Z</time></trkpt><trkpt lat="36.91984399999998" lon="-3.4768959999999973"><ele>651.427</ele><time>2026-09-28T09:51:09Z</time></trkpt><trkpt lat="36.91986799999999" lon="-3.476843999999997"><ele>651.122</ele><time>2026-09-28T09:51:13Z</time></trkpt><trkpt lat="36.91983099999999" lon="-3.476794999999997"><ele>650.848</ele><time>2026-09-28T09:51:20Z</time></trkpt><trkpt lat="36.91978499999999" lon="-3.476759999999997"><ele>650.590</ele><time>2026-09-28T09:51:33Z</time></trkpt><trkpt lat="36.91974199999999" lon="-3.476725999999997"><ele>650.193</ele><time>2026-09-28T09:51:38Z</time></trkpt><trkpt lat="36.91971899999999" lon="-3.4766729999999972"><ele>649.265</ele><time>2026-09-28T09:51:42Z</time></trkpt><trkpt lat="36.91967499999999" lon="-3.476646999999997"><ele>648.221</ele><time>2026-09-28T09:51:46Z</time></trkpt><trkpt lat="36.91963299999999" lon="-3.476610999999997"><ele>647.409</ele><time>2026-09-28T09:51:52Z</time></trkpt><trkpt lat="36.91959199999999" lon="-3.476569999999997"><ele>646.821</ele><time>2026-09-28T09:51:58Z</time></trkpt><trkpt lat="36.91954099999999" lon="-3.4765489999999972"><ele>645.957</ele><time>2026-09-28T09:52:03Z</time></trkpt><trkpt lat="36.919499999999985" lon="-3.4765249999999974"><ele>644.817</ele><time>2026-09-28T09:52:08Z</time></trkpt><trkpt lat="36.91945099999999" lon="-3.4765159999999975"><ele>643.843</ele><time>2026-09-28T09:52:12Z</time></trkpt><trkpt lat="36.91941199999999" lon="-3.4765449999999976"><ele>642.981</ele><time>2026-09-28T09:52:17Z</time></trkpt><trkpt lat="36.91936699999999" lon="-3.4765509999999975"><ele>642.291</ele><time>2026-09-28T09:52:21Z</time></trkpt><trkpt lat="36.91934599999999" lon="-3.4766059999999976"><ele>642.156</ele><time>2026-09-28T09:52:26Z</time></trkpt><trkpt lat="36.91933599999999" lon="-3.4766639999999978"><ele>642.152</ele><time>2026-09-28T09:52:32Z</time></trkpt><trkpt lat="36.91930699999999" lon="-3.4767199999999976"><ele>642.174</ele><time>2026-09-28T09:52:36Z</time></trkpt><trkpt lat="36.919268999999986" lon="-3.4767689999999978"><ele>642.518</ele><time>2026-09-28T09:52:42Z</time></trkpt><trkpt lat="36.91925099999999" lon="-3.476819999999998"><ele>642.998</ele><time>2026-09-28T09:52:46Z</time></trkpt><trkpt lat="36.91923599999999" lon="-3.4768759999999976"><ele>643.317</ele><time>2026-09-28T09:52:52Z</time></trkpt><trkpt lat="36.91921299999999" lon="-3.4769239999999977"><ele>643.709</ele><time>2026-09-28T09:52:56Z</time></trkpt><trkpt lat="36.91919599999999" lon="-3.4769769999999975"><ele>644.283</ele><time>2026-09-28T09:52:59Z</time></trkpt><trkpt lat="36.919191999999995" lon="-3.4770409999999976"><ele>644.869</ele><time>2026-09-28T09:53:03Z</time></trkpt><trkpt lat="36.919188999999996" lon="-3.4771039999999975"><ele>645.219</ele><time>2026-09-28T09:53:09Z</time></trkpt><trkpt lat="36.919194999999995" lon="-3.4771679999999976"><ele>645.635</ele><time>2026-09-28T09:53:14Z</time></trkpt><trkpt lat="36.919205999999996" lon="-3.4772229999999977"><ele>646.363</ele><time>2026-09-28T09:53:19Z</time></trkpt><trkpt lat="36.919197999999994" lon="-3.4772979999999976"><ele>647.163</ele><time>2026-09-28T09:53:23Z</time></trkpt><trkpt lat="36.919194" lon="-3.4773569999999974"><ele>647.868</ele><time>2026-09-28T09:53:30Z</time></trkpt><trkpt lat="36.919174" lon="-3.4774089999999975"><ele>648.384</ele><time>2026-09-28T09:53:34Z</time></trkpt><trkpt lat="36.919174999999996" lon="-3.4774729999999976"><ele>648.746</ele><time>2026-09-28T09:53:39Z</time></trkpt><trkpt lat="36.919123" lon="-3.4774899999999977"><ele>649.068</ele><time>2026-09-28T09:53:54Z</time></trkpt><trkpt lat="36.919117" lon="-3.477547999999998"><ele>649.242</ele><time>2026-09-28T09:54:41Z</time></trkpt><trkpt lat="36.919129" lon="-3.4776069999999977"><ele>649.626</ele><time>2026-09-28T09:54:47Z</time></trkpt><trkpt lat="36.919152" lon="-3.4776549999999977"><ele>650.009</ele><time>2026-09-28T09:54:53Z</time></trkpt><trkpt lat="36.919152999999994" lon="-3.4777119999999977"><ele>650.228</ele><time>2026-09-28T09:54:56Z</time></trkpt><trkpt lat="36.91913099999999" lon="-3.4777749999999976"><ele>650.444</ele><time>2026-09-28T09:55:00Z</time></trkpt><trkpt lat="36.919084999999995" lon="-3.4777769999999975"><ele>650.654</ele><time>2026-09-28T09:55:14Z</time></trkpt><trkpt lat="36.91903799999999" lon="-3.4776999999999973"><ele>651.160</ele><time>2026-09-28T09:55:18Z</time></trkpt><trkpt lat="36.919017" lon="-3.477628999999997"><ele>652.058</ele><time>2026-09-28T09:55:20Z</time></trkpt><trkpt lat="36.919039999999995" lon="-3.4777249999999973"><ele>652.138</ele><time>2026-09-28T09:55:22Z</time></trkpt><trkpt lat="36.919065999999994" lon="-3.4777709999999975"><ele>652.133</ele><time>2026-09-28T09:55:23Z</time></trkpt><trkpt lat="36.919107999999994" lon="-3.4777969999999976"><ele>652.199</ele><time>2026-09-28T09:55:29Z</time></trkpt><trkpt lat="36.91909" lon="-3.4778509999999976"><ele>652.171</ele><time>2026-09-28T09:55:37Z</time></trkpt><trkpt lat="36.919096999999994" lon="-3.4779139999999975"><ele>652.186</ele><time>2026-09-28T09:55:43Z</time></trkpt><trkpt lat="36.91908099999999" lon="-3.4779729999999973"><ele>652.160</ele><time>2026-09-28T09:55:46Z</time></trkpt><trkpt lat="36.91905299999999" lon="-3.478022999999997"><ele>652.326</ele><time>2026-09-28T09:55:53Z</time></trkpt><trkpt lat="36.91903999999999" lon="-3.478078999999997"><ele>652.609</ele><time>2026-09-28T09:55:57Z</time></trkpt><trkpt lat="36.918984999999985" lon="-3.478047999999997"><ele>652.920</ele><time>2026-09-28T09:56:07Z</time></trkpt><trkpt lat="36.91901199999999" lon="-3.477980999999997"><ele>652.926</ele><time>2026-09-28T09:56:27Z</time></trkpt><trkpt lat="36.91905399999999" lon="-3.478039999999997"><ele>653.126</ele><time>2026-09-28T09:56:31Z</time></trkpt><trkpt lat="36.91910999999999" lon="-3.4780769999999968"><ele>651.272</ele><time>2026-09-28T09:56:36Z</time></trkpt><trkpt lat="36.91915299999999" lon="-3.4780059999999966"><ele>651.290</ele><time>2026-09-28T09:56:38Z</time></trkpt><trkpt lat="36.91916099999999" lon="-3.4779449999999965"><ele>651.220</ele><time>2026-09-28T09:56:39Z</time></trkpt><trkpt lat="36.91914899999999" lon="-3.4780349999999967"><ele>651.555</ele><time>2026-09-28T09:56:44Z</time></trkpt><trkpt lat="36.91913999999999" lon="-3.4781399999999967"><ele>652.021</ele><time>2026-09-28T09:56:49Z</time></trkpt><trkpt lat="36.91908599999999" lon="-3.4781139999999966"><ele>652.493</ele><time>2026-09-28T09:56:51Z</time></trkpt><trkpt lat="36.919039999999995" lon="-3.4781499999999967"><ele>653.133</ele><time>2026-09-28T09:56:54Z</time></trkpt><trkpt lat="36.919028" lon="-3.4782189999999966"><ele>653.123</ele><time>2026-09-28T09:56:59Z</time></trkpt><trkpt lat="36.919011999999995" lon="-3.4782749999999965"><ele>653.315</ele><time>2026-09-28T09:57:03Z</time></trkpt><trkpt lat="36.918994999999995" lon="-3.4783309999999963"><ele>653.409</ele><time>2026-09-28T09:57:08Z</time></trkpt><trkpt lat="36.918997999999995" lon="-3.4783889999999964"><ele>653.545</ele><time>2026-09-28T09:57:15Z</time></trkpt><trkpt lat="36.918977999999996" lon="-3.4784499999999965"><ele>653.671</ele><time>2026-09-28T09:57:32Z</time></trkpt><trkpt lat="36.918966" lon="-3.4785119999999963"><ele>653.791</ele><time>2026-09-28T09:57:37Z</time></trkpt><trkpt lat="36.918968" lon="-3.4785729999999964"><ele>653.897</ele><time>2026-09-28T09:57:43Z</time></trkpt><trkpt lat="36.918963" lon="-3.4786379999999966"><ele>653.945</ele><time>2026-09-28T09:57:47Z</time></trkpt><trkpt lat="36.918943" lon="-3.4786969999999964"><ele>654.015</ele><time>2026-09-28T09:57:51Z</time></trkpt><trkpt lat="36.918924" lon="-3.4787619999999966"><ele>654.120</ele><time>2026-09-28T09:57:57Z</time></trkpt><trkpt lat="36.918901999999996" lon="-3.4788179999999964"><ele>654.376</ele><time>2026-09-28T09:58:01Z</time></trkpt><trkpt lat="36.918899999999994" lon="-3.4788889999999966"><ele>654.458</ele><time>2026-09-28T09:58:05Z</time></trkpt><trkpt lat="36.91888899999999" lon="-3.4789599999999967"><ele>654.544</ele><time>2026-09-28T09:58:08Z</time></trkpt><trkpt lat="36.91886099999999" lon="-3.479008999999997"><ele>654.505</ele><time>2026-09-28T09:58:13Z</time></trkpt><trkpt lat="36.91885299999999" lon="-3.479077999999997"><ele>654.515</ele><time>2026-09-28T09:58:18Z</time></trkpt><trkpt lat="36.91885799999999" lon="-3.4791379999999967"><ele>654.609</ele><time>2026-09-28T09:58:23Z</time></trkpt><trkpt lat="36.91885499999999" lon="-3.4791979999999967"><ele>654.726</ele><time>2026-09-28T09:58:27Z</time></trkpt><trkpt lat="36.91884399999999" lon="-3.4792519999999967"><ele>654.882</ele><time>2026-09-28T09:58:31Z</time></trkpt><trkpt lat="36.91880599999999" lon="-3.4792829999999966"><ele>654.912</ele><time>2026-09-28T09:58:35Z</time></trkpt><trkpt lat="36.91875899999999" lon="-3.4793079999999965"><ele>654.988</ele><time>2026-09-28T09:58:39Z</time></trkpt><trkpt lat="36.91871899999999" lon="-3.4793429999999965"><ele>654.926</ele><time>2026-09-28T09:58:42Z</time></trkpt><trkpt lat="36.918674999999986" lon="-3.4793679999999965"><ele>654.926</ele><time>2026-09-28T09:58:46Z</time></trkpt><trkpt lat="36.91862899999999" lon="-3.4794069999999966"><ele>654.871</ele><time>2026-09-28T09:58:51Z</time></trkpt><trkpt lat="36.918590999999985" lon="-3.4794399999999968"><ele>654.787</ele><time>2026-09-28T09:58:56Z</time></trkpt><trkpt lat="36.918570999999986" lon="-3.4795019999999965"><ele>654.679</ele><time>2026-09-28T09:59:01Z</time></trkpt><trkpt lat="36.91854199999999" lon="-3.4795479999999968"><ele>654.525</ele><time>2026-09-28T09:59:06Z</time></trkpt><trkpt lat="36.918528999999985" lon="-3.4796039999999966"><ele>654.426</ele><time>2026-09-28T09:59:10Z</time></trkpt><trkpt lat="36.91850799999999" lon="-3.4796629999999964"><ele>654.308</ele><time>2026-09-28T09:59:15Z</time></trkpt><trkpt lat="36.918480999999986" lon="-3.4797109999999964"><ele>654.209</ele><time>2026-09-28T09:59:19Z</time></trkpt><trkpt lat="36.91845999999999" lon="-3.4797719999999965"><ele>654.114</ele><time>2026-09-28T09:59:23Z</time></trkpt><trkpt lat="36.91842399999999" lon="-3.4798129999999965"><ele>654.090</ele><time>2026-09-28T09:59:27Z</time></trkpt><trkpt lat="36.91838899999999" lon="-3.4798599999999964"><ele>653.870</ele><time>2026-09-28T09:59:31Z</time></trkpt><trkpt lat="36.91835699999999" lon="-3.4799069999999963"><ele>653.666</ele><time>2026-09-28T09:59:35Z</time></trkpt><trkpt lat="36.918322999999994" lon="-3.479953999999996"><ele>653.384</ele><time>2026-09-28T09:59:39Z</time></trkpt><trkpt lat="36.91829599999999" lon="-3.480016999999996"><ele>653.084</ele><time>2026-09-28T09:59:44Z</time></trkpt><trkpt lat="36.91826399999999" lon="-3.4800589999999962"><ele>652.739</ele><time>2026-09-28T09:59:52Z</time></trkpt><trkpt lat="36.918237999999995" lon="-3.480117999999996"><ele>652.495</ele><time>2026-09-28T09:59:59Z</time></trkpt><trkpt lat="36.918229" lon="-3.480173999999996"><ele>652.067</ele><time>2026-09-28T10:00:03Z</time></trkpt><trkpt lat="36.918214" lon="-3.4802329999999957"><ele>651.684</ele><time>2026-09-28T10:00:10Z</time></trkpt><trkpt lat="36.918186" lon="-3.4802779999999958"><ele>651.407</ele><time>2026-09-28T10:00:41Z</time></trkpt><trkpt lat="36.918231" lon="-3.480278999999996"><ele>651.417</ele><time>2026-09-28T10:00:46Z</time></trkpt><trkpt lat="36.91822" lon="-3.480214999999996"><ele>651.409</ele><time>2026-09-28T10:00:50Z</time></trkpt><trkpt lat="36.9182" lon="-3.480147999999996"><ele>651.370</ele><time>2026-09-28T10:00:52Z</time></trkpt><trkpt lat="36.918175999999995" lon="-3.480093999999996"><ele>651.276</ele><time>2026-09-28T10:00:57Z</time></trkpt><trkpt lat="36.91818299999999" lon="-3.4801509999999958"><ele>651.136</ele><time>2026-09-28T10:01:06Z</time></trkpt><trkpt lat="36.91815599999999" lon="-3.480196999999996"><ele>651.142</ele><time>2026-09-28T10:01:10Z</time></trkpt><trkpt lat="36.918131999999986" lon="-3.480250999999996"><ele>651.110</ele><time>2026-09-28T10:01:15Z</time></trkpt><trkpt lat="36.918140999999984" lon="-3.480309999999996"><ele>651.070</ele><time>2026-09-28T10:01:19Z</time></trkpt><trkpt lat="36.918143999999984" lon="-3.480374999999996"><ele>651.045</ele><time>2026-09-28T10:01:23Z</time></trkpt><trkpt lat="36.91813699999999" lon="-3.480440999999996"><ele>651.091</ele><time>2026-09-28T10:01:28Z</time></trkpt><trkpt lat="36.91811699999999" lon="-3.480505999999996"><ele>651.013</ele><time>2026-09-28T10:01:32Z</time></trkpt><trkpt lat="36.91808099999999" lon="-3.480609999999996"><ele>651.012</ele><time>2026-09-28T10:01:36Z</time></trkpt><trkpt lat="36.918109999999984" lon="-3.480657999999996"><ele>651.032</ele><time>2026-09-28T10:01:42Z</time></trkpt><trkpt lat="36.918112999999984" lon="-3.480717999999996"><ele>650.905</ele><time>2026-09-28T10:01:47Z</time></trkpt><trkpt lat="36.918083999999986" lon="-3.480772999999996"><ele>650.509</ele><time>2026-09-28T10:01:51Z</time></trkpt><trkpt lat="36.918067999999984" lon="-3.4808279999999963"><ele>650.263</ele><time>2026-09-28T10:01:56Z</time></trkpt><trkpt lat="36.91804699999999" lon="-3.4808819999999963"><ele>650.139</ele><time>2026-09-28T10:02:01Z</time></trkpt><trkpt lat="36.918041999999986" lon="-3.4809549999999962"><ele>649.989</ele><time>2026-09-28T10:02:06Z</time></trkpt><trkpt lat="36.91803199999998" lon="-3.481014999999996"><ele>649.715</ele><time>2026-09-28T10:02:10Z</time></trkpt><trkpt lat="36.91802599999998" lon="-3.481074999999996"><ele>649.593</ele><time>2026-09-28T10:02:14Z</time></trkpt><trkpt lat="36.91799899999998" lon="-3.481134999999996"><ele>649.413</ele><time>2026-09-28T10:02:19Z</time></trkpt><trkpt lat="36.91797399999998" lon="-3.481190999999996"><ele>649.338</ele><time>2026-09-28T10:02:23Z</time></trkpt><trkpt lat="36.91797699999998" lon="-3.4812659999999958"><ele>649.284</ele><time>2026-09-28T10:02:29Z</time></trkpt><trkpt lat="36.91796099999998" lon="-3.4813259999999957"><ele>649.116</ele><time>2026-09-28T10:02:33Z</time></trkpt><trkpt lat="36.917938999999976" lon="-3.4813829999999957"><ele>649.074</ele><time>2026-09-28T10:02:37Z</time></trkpt><trkpt lat="36.917927999999975" lon="-3.4814529999999957"><ele>648.956</ele><time>2026-09-28T10:02:42Z</time></trkpt><trkpt lat="36.91790699999998" lon="-3.481507999999996"><ele>648.821</ele><time>2026-09-28T10:02:46Z</time></trkpt><trkpt lat="36.91791299999998" lon="-3.4815739999999957"><ele>648.709</ele><time>2026-09-28T10:02:50Z</time></trkpt><trkpt lat="36.917910999999975" lon="-3.481641999999996"><ele>648.639</ele><time>2026-09-28T10:02:56Z</time></trkpt><trkpt lat="36.91788799999998" lon="-3.481691999999996"><ele>648.575</ele><time>2026-09-28T10:03:00Z</time></trkpt><trkpt lat="36.917890999999976" lon="-3.481758999999996"><ele>648.475</ele><time>2026-09-28T10:03:04Z</time></trkpt><trkpt lat="36.91789299999998" lon="-3.481834999999996"><ele>648.461</ele><time>2026-09-28T10:03:10Z</time></trkpt><trkpt lat="36.91790999999998" lon="-3.481892999999996"><ele>648.489</ele><time>2026-09-28T10:03:13Z</time></trkpt><trkpt lat="36.91788499999998" lon="-3.4819519999999957"><ele>648.419</ele><time>2026-09-28T10:03:19Z</time></trkpt><trkpt lat="36.91787099999998" lon="-3.4820119999999957"><ele>648.414</ele><time>2026-09-28T10:03:23Z</time></trkpt><trkpt lat="36.917857999999974" lon="-3.482076999999996"><ele>648.370</ele><time>2026-09-28T10:03:28Z</time></trkpt><trkpt lat="36.91784999999997" lon="-3.482136999999996"><ele>648.292</ele><time>2026-09-28T10:03:33Z</time></trkpt><trkpt lat="36.91784499999997" lon="-3.4821969999999958"><ele>648.169</ele><time>2026-09-28T10:03:39Z</time></trkpt><trkpt lat="36.91784999999997" lon="-3.482254999999996"><ele>647.904</ele><time>2026-09-28T10:03:44Z</time></trkpt><trkpt lat="36.91784699999997" lon="-3.482314999999996"><ele>647.724</ele><time>2026-09-28T10:03:49Z</time></trkpt><trkpt lat="36.91784499999997" lon="-3.482382999999996"><ele>647.509</ele><time>2026-09-28T10:03:53Z</time></trkpt><trkpt lat="36.917837999999975" lon="-3.482439999999996"><ele>647.388</ele><time>2026-09-28T10:03:57Z</time></trkpt><trkpt lat="36.91781899999997" lon="-3.482506999999996"><ele>647.164</ele><time>2026-09-28T10:04:04Z</time></trkpt><trkpt lat="36.917826999999974" lon="-3.482562999999996"><ele>646.914</ele><time>2026-09-28T10:04:08Z</time></trkpt><trkpt lat="36.91783599999997" lon="-3.482623999999996"><ele>646.740</ele><time>2026-09-28T10:04:12Z</time></trkpt><trkpt lat="36.917792999999975" lon="-3.4826669999999957"><ele>646.628</ele><time>2026-09-28T10:04:22Z</time></trkpt><trkpt lat="36.91773799999997" lon="-3.482670999999996"><ele>646.468</ele><time>2026-09-28T10:04:28Z</time></trkpt><trkpt lat="36.91769399999997" lon="-3.482683999999996"><ele>646.273</ele><time>2026-09-28T10:04:34Z</time></trkpt><trkpt lat="36.91770499999997" lon="-3.482762999999996"><ele>645.889</ele><time>2026-09-28T10:05:08Z</time></trkpt><trkpt lat="36.91767299999997" lon="-3.482638999999996"><ele>645.341</ele><time>2026-09-28T10:05:14Z</time></trkpt><trkpt lat="36.917719999999974" lon="-3.482668999999996"><ele>645.211</ele><time>2026-09-28T10:05:30Z</time></trkpt><trkpt lat="36.91775499999997" lon="-3.482721999999996"><ele>645.121</ele><time>2026-09-28T10:05:35Z</time></trkpt><trkpt lat="36.91780299999997" lon="-3.482762999999996"><ele>645.503</ele><time>2026-09-28T10:05:41Z</time></trkpt><trkpt lat="36.917795999999974" lon="-3.4828319999999957"><ele>645.709</ele><time>2026-09-28T10:05:47Z</time></trkpt><trkpt lat="36.91778299999997" lon="-3.482889999999996"><ele>645.923</ele><time>2026-09-28T10:05:51Z</time></trkpt><trkpt lat="36.91779699999997" lon="-3.482944999999996"><ele>645.879</ele><time>2026-09-28T10:05:59Z</time></trkpt><trkpt lat="36.91781799999997" lon="-3.482995999999996"><ele>645.849</ele><time>2026-09-28T10:06:09Z</time></trkpt><trkpt lat="36.91782299999997" lon="-3.483055999999996"><ele>645.835</ele><time>2026-09-28T10:06:13Z</time></trkpt><trkpt lat="36.91782999999997" lon="-3.4831149999999957"><ele>645.793</ele><time>2026-09-28T10:06:17Z</time></trkpt><trkpt lat="36.917849999999966" lon="-3.4831709999999956"><ele>645.783</ele><time>2026-09-28T10:06:21Z</time></trkpt><trkpt lat="36.91786599999997" lon="-3.4832299999999954"><ele>645.678</ele><time>2026-09-28T10:06:24Z</time></trkpt><trkpt lat="36.91785499999997" lon="-3.4833009999999955"><ele>645.554</ele><time>2026-09-28T10:06:31Z</time></trkpt><trkpt lat="36.917841999999965" lon="-3.4833569999999954"><ele>645.436</ele><time>2026-09-28T10:06:35Z</time></trkpt><trkpt lat="36.91783799999997" lon="-3.4834269999999954"><ele>645.452</ele><time>2026-09-28T10:06:40Z</time></trkpt><trkpt lat="36.91784099999997" lon="-3.483485999999995"><ele>645.453</ele><time>2026-09-28T10:06:44Z</time></trkpt><trkpt lat="36.91784599999997" lon="-3.483554999999995"><ele>645.408</ele><time>2026-09-28T10:06:49Z</time></trkpt><trkpt lat="36.91785199999997" lon="-3.483623999999995"><ele>645.409</ele><time>2026-09-28T10:06:55Z</time></trkpt><trkpt lat="36.91785499999997" lon="-3.4836829999999948"><ele>645.437</ele><time>2026-09-28T10:06:59Z</time></trkpt><trkpt lat="36.917866999999966" lon="-3.483737999999995"><ele>645.413</ele><time>2026-09-28T10:07:02Z</time></trkpt><trkpt lat="36.917894999999966" lon="-3.483784999999995"><ele>645.483</ele><time>2026-09-28T10:07:05Z</time></trkpt><trkpt lat="36.917880999999966" lon="-3.4838419999999948"><ele>645.429</ele><time>2026-09-28T10:07:10Z</time></trkpt><trkpt lat="36.917855999999965" lon="-3.483925999999995"><ele>645.437</ele><time>2026-09-28T10:07:15Z</time></trkpt><trkpt lat="36.91788499999996" lon="-3.483973999999995"><ele>645.537</ele><time>2026-09-28T10:07:22Z</time></trkpt><trkpt lat="36.917894999999966" lon="-3.484036999999995"><ele>645.692</ele><time>2026-09-28T10:07:26Z</time></trkpt><trkpt lat="36.917878999999964" lon="-3.484097999999995"><ele>645.758</ele><time>2026-09-28T10:07:30Z</time></trkpt><trkpt lat="36.91789699999996" lon="-3.484158999999995"><ele>645.750</ele><time>2026-09-28T10:07:34Z</time></trkpt><trkpt lat="36.91792299999996" lon="-3.484224999999995"><ele>645.719</ele><time>2026-09-28T10:07:38Z</time></trkpt><trkpt lat="36.91792299999996" lon="-3.484281999999995"><ele>645.709</ele><time>2026-09-28T10:07:44Z</time></trkpt><trkpt lat="36.91787999999996" lon="-3.484399999999995"><ele>645.819</ele><time>2026-09-28T10:07:58Z</time></trkpt><trkpt lat="36.91790199999996" lon="-3.484341999999995"><ele>645.809</ele><time>2026-09-28T10:07:59Z</time></trkpt><trkpt lat="36.91791699999996" lon="-3.484415999999995"><ele>645.823</ele><time>2026-09-28T10:08:01Z</time></trkpt><trkpt lat="36.91779299999996" lon="-3.484358999999995"><ele>645.869</ele><time>2026-09-28T10:08:06Z</time></trkpt><trkpt lat="36.91787999999996" lon="-3.4842169999999952"><ele>645.799</ele><time>2026-09-28T10:08:10Z</time></trkpt><trkpt lat="36.91792999999996" lon="-3.484349999999995"><ele>645.735</ele><time>2026-09-28T10:21:12Z</time></trkpt><trkpt lat="36.91797199999996" lon="-3.4843889999999953"><ele>645.363</ele><time>2026-09-28T10:21:14Z</time></trkpt><trkpt lat="36.91803199999996" lon="-3.4844109999999953"><ele>645.333</ele><time>2026-09-28T10:21:17Z</time></trkpt><trkpt lat="36.91802599999996" lon="-3.484479999999995"><ele>645.338</ele><time>2026-09-28T10:21:20Z</time></trkpt><trkpt lat="36.91806299999996" lon="-3.4845259999999953"><ele>645.324</ele><time>2026-09-28T10:21:26Z</time></trkpt><trkpt lat="36.91802999999996" lon="-3.4845669999999953"><ele>645.386</ele><time>2026-09-28T10:21:31Z</time></trkpt><trkpt lat="36.91802899999996" lon="-3.484635999999995"><ele>645.269</ele><time>2026-09-28T10:21:38Z</time></trkpt><trkpt lat="36.91806799999996" lon="-3.4846879999999953"><ele>645.104</ele><time>2026-09-28T10:21:43Z</time></trkpt><trkpt lat="36.91810299999996" lon="-3.4847449999999953"><ele>644.924</ele><time>2026-09-28T10:21:49Z</time></trkpt><trkpt lat="36.91809199999996" lon="-3.4848079999999952"><ele>644.809</ele><time>2026-09-28T10:21:55Z</time></trkpt><trkpt lat="36.91807999999996" lon="-3.4848729999999954"><ele>644.738</ele><time>2026-09-28T10:22:00Z</time></trkpt><trkpt lat="36.918075999999964" lon="-3.4849319999999953"><ele>644.774</ele><time>2026-09-28T10:22:05Z</time></trkpt><trkpt lat="36.91809999999997" lon="-3.484990999999995"><ele>644.794</ele><time>2026-09-28T10:22:08Z</time></trkpt><trkpt lat="36.91808599999997" lon="-3.485050999999995"><ele>644.790</ele><time>2026-09-28T10:22:16Z</time></trkpt><trkpt lat="36.91805499999997" lon="-3.485091999999995"><ele>644.778</ele><time>2026-09-28T10:22:42Z</time></trkpt><trkpt lat="36.91804799999997" lon="-3.485155999999995"><ele>644.758</ele><time>2026-09-28T10:22:47Z</time></trkpt><trkpt lat="36.91801999999997" lon="-3.485205999999995"><ele>644.653</ele><time>2026-09-28T10:22:52Z</time></trkpt><trkpt lat="36.91798399999997" lon="-3.485252999999995"><ele>644.559</ele><time>2026-09-28T10:22:59Z</time></trkpt><trkpt lat="36.91795199999997" lon="-3.4853059999999947"><ele>644.231</ele><time>2026-09-28T10:23:04Z</time></trkpt><trkpt lat="36.91791799999997" lon="-3.485357999999995"><ele>644.022</ele><time>2026-09-28T10:23:09Z</time></trkpt><trkpt lat="36.91788099999997" lon="-3.485392999999995"><ele>643.962</ele><time>2026-09-28T10:23:13Z</time></trkpt><trkpt lat="36.91783999999997" lon="-3.4854169999999947"><ele>643.708</ele><time>2026-09-28T10:23:17Z</time></trkpt><trkpt lat="36.91780999999997" lon="-3.4854619999999947"><ele>643.509</ele><time>2026-09-28T10:23:29Z</time></trkpt><trkpt lat="36.917773999999966" lon="-3.485513999999995"><ele>643.354</ele><time>2026-09-28T10:23:33Z</time></trkpt><trkpt lat="36.91774499999997" lon="-3.485559999999995"><ele>643.160</ele><time>2026-09-28T10:23:38Z</time></trkpt><trkpt lat="36.91773999999997" lon="-3.485623999999995"><ele>642.910</ele><time>2026-09-28T10:23:53Z</time></trkpt><trkpt lat="36.91773099999997" lon="-3.485682999999995"><ele>642.826</ele><time>2026-09-28T10:23:56Z</time></trkpt><trkpt lat="36.917731999999965" lon="-3.485739999999995"><ele>642.834</ele><time>2026-09-28T10:23:59Z</time></trkpt><trkpt lat="36.917717999999965" lon="-3.4857989999999948"><ele>642.624</ele><time>2026-09-28T10:24:06Z</time></trkpt><trkpt lat="36.91771399999997" lon="-3.4858589999999947"><ele>642.349</ele><time>2026-09-28T10:24:10Z</time></trkpt><trkpt lat="36.91775299999997" lon="-3.4859069999999948"><ele>642.135</ele><time>2026-09-28T10:24:14Z</time></trkpt><trkpt lat="36.91777999999997" lon="-3.4859639999999947"><ele>642.167</ele><time>2026-09-28T10:24:18Z</time></trkpt><trkpt lat="36.917775999999975" lon="-3.4860389999999946"><ele>642.162</ele><time>2026-09-28T10:24:23Z</time></trkpt><trkpt lat="36.91780199999997" lon="-3.4860899999999946"><ele>642.183</ele><time>2026-09-28T10:24:28Z</time></trkpt><trkpt lat="36.91781599999997" lon="-3.4861499999999945"><ele>642.111</ele><time>2026-09-28T10:24:32Z</time></trkpt><trkpt lat="36.91784199999997" lon="-3.4862169999999946"><ele>642.109</ele><time>2026-09-28T10:24:37Z</time></trkpt><trkpt lat="36.91787599999997" lon="-3.4862619999999946"><ele>642.198</ele><time>2026-09-28T10:24:41Z</time></trkpt><trkpt lat="36.917902999999974" lon="-3.486313999999995"><ele>642.174</ele><time>2026-09-28T10:24:45Z</time></trkpt><trkpt lat="36.91792899999997" lon="-3.486371999999995"><ele>642.124</ele><time>2026-09-28T10:24:49Z</time></trkpt><trkpt lat="36.91795199999997" lon="-3.486425999999995"><ele>642.160</ele><time>2026-09-28T10:24:54Z</time></trkpt><trkpt lat="36.917981999999974" lon="-3.486488999999995"><ele>642.178</ele><time>2026-09-28T10:25:00Z</time></trkpt><trkpt lat="36.91797799999998" lon="-3.486548999999995"><ele>642.238</ele><time>2026-09-28T10:25:03Z</time></trkpt><trkpt lat="36.91797999999998" lon="-3.4866059999999948"><ele>642.463</ele><time>2026-09-28T10:25:07Z</time></trkpt><trkpt lat="36.91798199999998" lon="-3.486666999999995"><ele>642.559</ele><time>2026-09-28T10:25:10Z</time></trkpt><trkpt lat="36.91800099999998" lon="-3.486718999999995"><ele>642.511</ele><time>2026-09-28T10:25:14Z</time></trkpt><trkpt lat="36.91804599999998" lon="-3.486759999999995"><ele>642.548</ele><time>2026-09-28T10:25:18Z</time></trkpt><trkpt lat="36.918081999999984" lon="-3.486799999999995"><ele>642.561</ele><time>2026-09-28T10:25:23Z</time></trkpt><trkpt lat="36.91811599999998" lon="-3.4868559999999946"><ele>642.517</ele><time>2026-09-28T10:25:28Z</time></trkpt><trkpt lat="36.91813599999998" lon="-3.486907999999995"><ele>642.509</ele><time>2026-09-28T10:25:34Z</time></trkpt><trkpt lat="36.91814799999998" lon="-3.486968999999995"><ele>642.516</ele><time>2026-09-28T10:25:38Z</time></trkpt><trkpt lat="36.91817599999998" lon="-3.487023999999995"><ele>642.562</ele><time>2026-09-28T10:25:41Z</time></trkpt><trkpt lat="36.91819699999998" lon="-3.487099999999995"><ele>642.592</ele><time>2026-09-28T10:25:45Z</time></trkpt><trkpt lat="36.91821099999998" lon="-3.487159999999995"><ele>642.588</ele><time>2026-09-28T10:25:48Z</time></trkpt><trkpt lat="36.91823299999998" lon="-3.487209999999995"><ele>642.536</ele><time>2026-09-28T10:25:52Z</time></trkpt><trkpt lat="36.91825899999998" lon="-3.4872659999999946"><ele>642.516</ele><time>2026-09-28T10:25:56Z</time></trkpt><trkpt lat="36.91827199999998" lon="-3.4873199999999946"><ele>642.531</ele><time>2026-09-28T10:26:00Z</time></trkpt><trkpt lat="36.91830199999998" lon="-3.4873779999999948"><ele>642.547</ele><time>2026-09-28T10:26:04Z</time></trkpt><trkpt lat="36.91832199999998" lon="-3.487438999999995"><ele>642.569</ele><time>2026-09-28T10:26:10Z</time></trkpt><trkpt lat="36.91832899999998" lon="-3.4874949999999947"><ele>642.535</ele><time>2026-09-28T10:26:13Z</time></trkpt><trkpt lat="36.91832699999998" lon="-3.487552999999995"><ele>642.586</ele><time>2026-09-28T10:26:17Z</time></trkpt><trkpt lat="36.918366999999975" lon="-3.487598999999995"><ele>642.614</ele><time>2026-09-28T10:26:21Z</time></trkpt><trkpt lat="36.918388999999976" lon="-3.487657999999995"><ele>642.709</ele><time>2026-09-28T10:26:24Z</time></trkpt><trkpt lat="36.91841299999998" lon="-3.487709999999995"><ele>642.795</ele><time>2026-09-28T10:26:29Z</time></trkpt><trkpt lat="36.918433999999976" lon="-3.487772999999995"><ele>642.751</ele><time>2026-09-28T10:26:33Z</time></trkpt><trkpt lat="36.91841399999998" lon="-3.487842999999995"><ele>642.821</ele><time>2026-09-28T10:26:37Z</time></trkpt><trkpt lat="36.91842999999998" lon="-3.487895999999995"><ele>643.077</ele><time>2026-09-28T10:26:40Z</time></trkpt><trkpt lat="36.91847699999998" lon="-3.487905999999995"><ele>643.285</ele><time>2026-09-28T10:26:51Z</time></trkpt><trkpt lat="36.91851099999998" lon="-3.487944999999995"><ele>643.415</ele><time>2026-09-28T10:26:56Z</time></trkpt><trkpt lat="36.91852699999998" lon="-3.488009999999995"><ele>643.510</ele><time>2026-09-28T10:27:03Z</time></trkpt><trkpt lat="36.918528999999985" lon="-3.488084999999995"><ele>643.856</ele><time>2026-09-28T10:27:08Z</time></trkpt><trkpt lat="36.918520999999984" lon="-3.488140999999995"><ele>644.338</ele><time>2026-09-28T10:27:11Z</time></trkpt><trkpt lat="36.918542999999985" lon="-3.4882029999999946"><ele>644.789</ele><time>2026-09-28T10:27:16Z</time></trkpt><trkpt lat="36.918562999999985" lon="-3.4882579999999948"><ele>644.906</ele><time>2026-09-28T10:27:21Z</time></trkpt><trkpt lat="36.918562999999985" lon="-3.4883299999999946"><ele>645.226</ele><time>2026-09-28T10:27:25Z</time></trkpt><trkpt lat="36.918554999999984" lon="-3.4883969999999946"><ele>645.509</ele><time>2026-09-28T10:27:29Z</time></trkpt><trkpt lat="36.918562999999985" lon="-3.4884569999999946"><ele>645.810</ele><time>2026-09-28T10:27:32Z</time></trkpt><trkpt lat="36.91856199999999" lon="-3.4885279999999947"><ele>646.156</ele><time>2026-09-28T10:27:35Z</time></trkpt><trkpt lat="36.918584999999986" lon="-3.4885999999999946"><ele>646.556</ele><time>2026-09-28T10:27:39Z</time></trkpt><trkpt lat="36.918607999999985" lon="-3.4886549999999947"><ele>646.732</ele><time>2026-09-28T10:27:42Z</time></trkpt><trkpt lat="36.91862599999998" lon="-3.4887209999999946"><ele>647.150</ele><time>2026-09-28T10:27:45Z</time></trkpt><trkpt lat="36.91866899999998" lon="-3.4887599999999948"><ele>647.320</ele><time>2026-09-28T10:27:49Z</time></trkpt><trkpt lat="36.91868099999998" lon="-3.4888359999999947"><ele>647.585</ele><time>2026-09-28T10:27:54Z</time></trkpt><trkpt lat="36.918681999999976" lon="-3.4888979999999945"><ele>647.721</ele><time>2026-09-28T10:27:59Z</time></trkpt><trkpt lat="36.91871499999998" lon="-3.4889619999999946"><ele>648.473</ele><time>2026-09-28T10:28:05Z</time></trkpt><trkpt lat="36.91874899999998" lon="-3.4890089999999945"><ele>648.624</ele><time>2026-09-28T10:28:08Z</time></trkpt><trkpt lat="36.91877299999998" lon="-3.4890659999999944"><ele>649.004</ele><time>2026-09-28T10:28:12Z</time></trkpt><trkpt lat="36.91878599999998" lon="-3.4891249999999943"><ele>649.114</ele><time>2026-09-28T10:28:17Z</time></trkpt><trkpt lat="36.91877899999999" lon="-3.489190999999994"><ele>649.309</ele><time>2026-09-28T10:28:23Z</time></trkpt><trkpt lat="36.918807999999984" lon="-3.489244999999994"><ele>649.674</ele><time>2026-09-28T10:28:27Z</time></trkpt><trkpt lat="36.91884299999998" lon="-3.489291999999994"><ele>649.940</ele><time>2026-09-28T10:28:32Z</time></trkpt><trkpt lat="36.918866999999985" lon="-3.4893569999999943"><ele>650.150</ele><time>2026-09-28T10:28:37Z</time></trkpt><trkpt lat="36.91890199999998" lon="-3.489399999999994"><ele>650.236</ele><time>2026-09-28T10:28:40Z</time></trkpt><trkpt lat="36.91894199999998" lon="-3.489444999999994"><ele>650.334</ele><time>2026-09-28T10:28:43Z</time></trkpt><trkpt lat="36.91897299999998" lon="-3.489488999999994"><ele>650.444</ele><time>2026-09-28T10:28:48Z</time></trkpt><trkpt lat="36.91900899999998" lon="-3.489539999999994"><ele>650.569</ele><time>2026-09-28T10:28:54Z</time></trkpt><trkpt lat="36.91904799999998" lon="-3.489587999999994"><ele>650.655</ele><time>2026-09-28T10:28:57Z</time></trkpt><trkpt lat="36.91907999999998" lon="-3.489638999999994"><ele>650.797</ele><time>2026-09-28T10:29:01Z</time></trkpt><trkpt lat="36.919131999999976" lon="-3.4896659999999944"><ele>650.765</ele><time>2026-09-28T10:29:05Z</time></trkpt><trkpt lat="36.91917299999998" lon="-3.4897139999999944"><ele>650.768</ele><time>2026-09-28T10:29:09Z</time></trkpt><trkpt lat="36.91920599999998" lon="-3.4897739999999944"><ele>650.714</ele><time>2026-09-28T10:29:13Z</time></trkpt><trkpt lat="36.91923099999998" lon="-3.489829999999994"><ele>650.809</ele><time>2026-09-28T10:29:17Z</time></trkpt><trkpt lat="36.91924899999998" lon="-3.489883999999994"><ele>650.868</ele><time>2026-09-28T10:29:20Z</time></trkpt><trkpt lat="36.91926499999998" lon="-3.4899389999999944"><ele>650.844</ele><time>2026-09-28T10:29:26Z</time></trkpt><trkpt lat="36.91928999999998" lon="-3.4899969999999945"><ele>650.854</ele><time>2026-09-28T10:29:30Z</time></trkpt><trkpt lat="36.919339999999984" lon="-3.4900369999999943"><ele>650.830</ele><time>2026-09-28T10:29:35Z</time></trkpt><trkpt lat="36.919375999999986" lon="-3.490089999999994"><ele>650.858</ele><time>2026-09-28T10:29:40Z</time></trkpt><trkpt lat="36.91940799999998" lon="-3.490130999999994"><ele>650.948</ele><time>2026-09-28T10:29:44Z</time></trkpt><trkpt lat="36.919445999999986" lon="-3.490178999999994"><ele>651.083</ele><time>2026-09-28T10:29:49Z</time></trkpt><trkpt lat="36.919477999999984" lon="-3.4902309999999943"><ele>651.149</ele><time>2026-09-28T10:29:52Z</time></trkpt><trkpt lat="36.919513999999985" lon="-3.4902669999999945"><ele>651.291</ele><time>2026-09-28T10:29:55Z</time></trkpt><trkpt lat="36.919552999999986" lon="-3.4903069999999943"><ele>651.325</ele><time>2026-09-28T10:29:59Z</time></trkpt><trkpt lat="36.91959199999999" lon="-3.490359999999994"><ele>651.326</ele><time>2026-09-28T10:30:03Z</time></trkpt><trkpt lat="36.919623999999985" lon="-3.490406999999994"><ele>651.308</ele><time>2026-09-28T10:30:06Z</time></trkpt><trkpt lat="36.91966799999999" lon="-3.490450999999994"><ele>651.409</ele><time>2026-09-28T10:30:09Z</time></trkpt><trkpt lat="36.919710999999985" lon="-3.490492999999994"><ele>651.584</ele><time>2026-09-28T10:30:13Z</time></trkpt><trkpt lat="36.91973999999998" lon="-3.490540999999994"><ele>651.640</ele><time>2026-09-28T10:30:17Z</time></trkpt><trkpt lat="36.919769999999986" lon="-3.4905899999999943"><ele>651.660</ele><time>2026-09-28T10:30:21Z</time></trkpt><trkpt lat="36.91979999999999" lon="-3.4906529999999942"><ele>651.756</ele><time>2026-09-28T10:30:25Z</time></trkpt><trkpt lat="36.91984099999999" lon="-3.490696999999994"><ele>651.984</ele><time>2026-09-28T10:30:29Z</time></trkpt><trkpt lat="36.91987199999999" lon="-3.4907489999999943"><ele>652.084</ele><time>2026-09-28T10:30:33Z</time></trkpt><trkpt lat="36.91989199999999" lon="-3.4908009999999945"><ele>652.029</ele><time>2026-09-28T10:30:36Z</time></trkpt><trkpt lat="36.91991599999999" lon="-3.4908519999999945"><ele>652.075</ele><time>2026-09-28T10:30:41Z</time></trkpt><trkpt lat="36.91994699999999" lon="-3.4909079999999943"><ele>652.177</ele><time>2026-09-28T10:30:45Z</time></trkpt><trkpt lat="36.919973999999996" lon="-3.4909709999999943"><ele>652.293</ele><time>2026-09-28T10:30:49Z</time></trkpt><trkpt lat="36.920005999999994" lon="-3.4910129999999944"><ele>652.365</ele><time>2026-09-28T10:30:53Z</time></trkpt><trkpt lat="36.92001799999999" lon="-3.491087999999994"><ele>652.421</ele><time>2026-09-28T10:30:56Z</time></trkpt><trkpt lat="36.92005699999999" lon="-3.491140999999994"><ele>652.609</ele><time>2026-09-28T10:31:01Z</time></trkpt><trkpt lat="36.920086999999995" lon="-3.4912089999999942"><ele>652.881</ele><time>2026-09-28T10:31:05Z</time></trkpt><trkpt lat="36.920111999999996" lon="-3.4912669999999943"><ele>652.887</ele><time>2026-09-28T10:31:09Z</time></trkpt><trkpt lat="36.920137" lon="-3.4913209999999943"><ele>653.057</ele><time>2026-09-28T10:31:14Z</time></trkpt><trkpt lat="36.920164" lon="-3.4913719999999944"><ele>653.113</ele><time>2026-09-28T10:31:19Z</time></trkpt><trkpt lat="36.920197" lon="-3.4914289999999943"><ele>653.271</ele><time>2026-09-28T10:31:24Z</time></trkpt><trkpt lat="36.920231" lon="-3.4914789999999942"><ele>653.221</ele><time>2026-09-28T10:31:28Z</time></trkpt><trkpt lat="36.920253" lon="-3.491537999999994"><ele>653.246</ele><time>2026-09-28T10:31:32Z</time></trkpt><trkpt lat="36.920287" lon="-3.4915869999999942"><ele>653.252</ele><time>2026-09-28T10:31:38Z</time></trkpt><trkpt lat="36.920319" lon="-3.491629999999994"><ele>653.384</ele><time>2026-09-28T10:31:42Z</time></trkpt><trkpt lat="36.920339" lon="-3.491681999999994"><ele>653.438</ele><time>2026-09-28T10:31:46Z</time></trkpt><trkpt lat="36.920342999999995" lon="-3.491740999999994"><ele>653.670</ele><time>2026-09-28T10:31:55Z</time></trkpt><trkpt lat="36.920373999999995" lon="-3.491781999999994"><ele>653.817</ele><time>2026-09-28T10:32:03Z</time></trkpt><trkpt lat="36.920412" lon="-3.491740999999994"><ele>654.009</ele><time>2026-09-28T10:32:09Z</time></trkpt><trkpt lat="36.920446" lon="-3.4916949999999938"><ele>654.265</ele><time>2026-09-28T10:32:29Z</time></trkpt><trkpt lat="36.920382" lon="-3.4916679999999936"><ele>654.381</ele><time>2026-09-28T10:32:41Z</time></trkpt><trkpt lat="36.920392" lon="-3.4915739999999937"><ele>654.541</ele><time>2026-09-28T10:33:06Z</time></trkpt><trkpt lat="36.920353" lon="-3.4916359999999935"><ele>654.547</ele><time>2026-09-28T10:33:07Z</time></trkpt><trkpt lat="36.920409" lon="-3.4916739999999935"><ele>654.645</ele><time>2026-09-28T10:33:08Z</time></trkpt><trkpt lat="36.920469" lon="-3.4916769999999935"><ele>654.625</ele><time>2026-09-28T10:33:09Z</time></trkpt><trkpt lat="36.920438999999995" lon="-3.4917409999999935"><ele>654.640</ele><time>2026-09-28T10:33:13Z</time></trkpt><trkpt lat="36.92044599999999" lon="-3.4917989999999937"><ele>654.676</ele><time>2026-09-28T10:33:17Z</time></trkpt><trkpt lat="36.920469999999995" lon="-3.491863999999994"><ele>654.698</ele><time>2026-09-28T10:33:22Z</time></trkpt><trkpt lat="36.92047399999999" lon="-3.491928999999994"><ele>654.699</ele><time>2026-09-28T10:33:26Z</time></trkpt><trkpt lat="36.920452999999995" lon="-3.491978999999994"><ele>654.607</ele><time>2026-09-28T10:33:30Z</time></trkpt><trkpt lat="36.920418999999995" lon="-3.492017999999994"><ele>654.627</ele><time>2026-09-28T10:33:34Z</time></trkpt></trkseg></trk></gpx>